period,source,target,mode,route,flow_persons
早高峰,TYGY,T_16,p,TYGY -> N4 -> N14 -> T_2 -> N15 -> T_16,98.28
早高峰,XYGY,T_16,p,XYGY -> N12 -> XYST -> N30 -> N16 -> T_16,178.61
早高峰,TYGY,T_25,b,TYGY -> N4 -> N14 -> T_2 -> N15 -> T_16 -> N16 -> N30 -> XYST -> N28 -> GYST -> N32 -> T_7 -> N49 -> N48 -> T_25,6.44
早高峰,TYGY,T_16,b,TYGY -> N4 -> N14 -> T_2 -> N15 -> T_16,35.1
早高峰,TYGY,T_25,p,TYGY -> N4 -> N14 -> T_2 -> N15 -> T_16 -> N16 -> N30 -> XYST -> N29 -> GYST -> N32 -> T_7 -> N49 -> N48 -> T_25,4.09
早高峰,TYGY,T_1,p,TYGY -> N4 -> N14 -> T_2 -> N27 -> N26 -> N25 -> T_1,32.76
早高峰,TYGY,T_2,p,TYGY -> N4 -> N14 -> T_2,32.76
早高峰,TYGY,T_3,p,TYGY -> N3 -> T_3,245.7
早高峰,TYGY,T_4,p,TYGY -> N4 -> T_4,245.7
早高峰,TYGY,T_5,p,TYGY -> N4 -> N14 -> T_2 -> N15 -> T_16 -> N16 -> T_5,32.76
早高峰,GYGY,T_16,b,GYGY -> N61 -> N33 -> N31 -> GYST -> N28 -> XYST -> N30 -> N16 -> T_16,3.71
早高峰,XYGY,T_25,b,XYGY -> N12 -> XYST -> N29 -> GYST -> N32 -> T_7 -> N49 -> N48 -> T_25,3.47
早高峰,TYGY,T_6,b,TYGY -> N4 -> N14 -> T_2 -> N15 -> T_16 -> N16 -> N30 -> XYST -> N29 -> N44 -> T_6,25.74
早高峰,TYGY,T_7,b,TYGY -> N4 -> N14 -> T_2 -> N15 -> T_16 -> N16 -> N30 -> XYST -> N28 -> GYST -> N32 -> T_7,25.74
早高峰,TYGY,T_8,b,TYGY -> N4 -> N14 -> T_2 -> N15 -> T_16 -> N16 -> N30 -> XYST -> N29 -> GYST -> N32 -> T_7 -> N42 -> T_8,25.74
早高峰,TYGY,T_9,b,TYGY -> N4 -> N14 -> T_2 -> N15 -> T_16 -> N16 -> N30 -> XYST -> N28 -> GYST -> N32 -> T_7 -> N49 -> N48 -> T_9,25.74
早高峰,TYGY,T_10,b,TYGY -> N4 -> N14 -> T_2 -> N15 -> T_16 -> N16 -> N30 -> XYST -> N29 -> GYST -> N32 -> T_7 -> N49 -> N48 -> T_9 -> N38 -> T_10,25.74
早高峰,CYGY,T_16,p,CYGY -> N28 -> XYST -> N30 -> N16 -> T_16,121.9
早高峰,GYGY,T_25,b,GYGY -> N61 -> N33 -> N46 -> T_7 -> N49 -> N48 -> T_25,42.08
早高峰,GYGY,T_16,p,GYGY -> N61 -> N33 -> N31 -> GYST -> N29 -> XYST -> N30 -> N16 -> T_16,2.36
早高峰,XYGY,T_16,b,XYGY -> N12 -> XYST -> N30 -> N16 -> T_16,63.79
早高峰,XYGY,T_25,p,XYGY -> N12 -> XYST -> N28 -> GYST -> N32 -> T_7 -> N49 -> N48 -> T_25,57.33
早高峰,XYGY,T_2,p,XYGY -> N12 -> XYST -> N30 -> N16 -> T_16 -> N15 -> T_2,50.71
早高峰,XYGY,T_3,p,XYGY -> N12 -> XYST -> N30 -> N16 -> T_16 -> N15 -> T_2 -> N6 -> N5 -> T_3,50.71
早高峰,XYGY,T_4,p,XYGY -> N12 -> XYST -> N30 -> N16 -> T_16 -> N15 -> T_2 -> N14 -> T_4,50.71
早高峰,XYGY,T_5,p,XYGY -> N12 -> XYST -> N30 -> N16 -> T_5,68.35
早高峰,XYGY,T_6,p,XYGY -> N12 -> XYST -> N29 -> N44 -> T_6,132.3
早高峰,XYGY,T_7,p,XYGY -> N12 -> XYST -> N28 -> GYST -> N32 -> T_7,132.3
早高峰,XYGY,T_8,p,XYGY -> N12 -> XYST -> N29 -> GYST -> N32 -> T_7 -> N42 -> T_8,52.92
早高峰,TYGY,T_6,p,TYGY -> N4 -> N14 -> T_2 -> N15 -> T_16 -> N16 -> N30 -> XYST -> N29 -> N44 -> T_6,16.38
早高峰,TYGY,T_7,p,TYGY -> N4 -> N14 -> T_2 -> N15 -> T_16 -> N16 -> N30 -> XYST -> N28 -> GYST -> N32 -> T_7,16.38
早高峰,TYGY,T_8,p,TYGY -> N4 -> N14 -> T_2 -> N15 -> T_16 -> N16 -> N30 -> XYST -> N29 -> GYST -> N32 -> T_7 -> N42 -> T_8,2.05
早高峰,TYGY,T_9,p,TYGY -> N4 -> N14 -> T_2 -> N15 -> T_16 -> N16 -> N30 -> XYST -> N28 -> GYST -> N32 -> T_7 -> N49 -> N48 -> T_9,6.14
早高峰,TYGY,T_10,p,TYGY -> N4 -> N14 -> T_2 -> N15 -> T_16 -> N16 -> N30 -> XYST -> N29 -> GYST -> N32 -> T_7 -> N49 -> N48 -> T_9 -> N38 -> T_10,6.14
早高峰,CYGY,T_25,p,CYGY -> N28 -> GYST -> N32 -> T_7 -> N49 -> N48 -> T_25,51.03
早高峰,XYGY,T_1,b,XYGY -> N12 -> XYST -> N30 -> N16 -> T_16 -> N15 -> T_2 -> N27 -> N26 -> N25 -> T_1,39.85
早高峰,XYGY,T_9,b,XYGY -> N12 -> XYST -> N28 -> GYST -> N32 -> T_7 -> N49 -> N48 -> T_9,38.12
早高峰,XYGY,T_10,b,XYGY -> N12 -> XYST -> N29 -> GYST -> N32 -> T_7 -> N49 -> N48 -> T_9 -> N38 -> T_10,5.2
早高峰,GYGY,T_25,p,GYGY -> N61 -> N33 -> N46 -> T_7 -> N49 -> N48 -> T_25,17.32
早高峰,GYGY,T_7,p,GYGY -> N61 -> N33 -> N46 -> T_7,61.43
早高峰,TYGY,T_1,b,TYGY -> N4 -> N14 -> T_2 -> N27 -> N26 -> N25 -> T_1,11.7
早高峰,TYGY,T_2,b,TYGY -> N4 -> N14 -> T_2,11.7
早高峰,TYGY,T_3,b,TYGY -> N3 -> T_3,87.75
早高峰,TYGY,T_4,b,TYGY -> N4 -> T_4,87.75
早高峰,TYGY,T_5,b,TYGY -> N4 -> N14 -> T_2 -> N15 -> T_16 -> N16 -> T_5,11.7
早高峰,GYGY,T_1,b,GYGY -> N61 -> N33 -> N31 -> GYST -> N29 -> XYST -> N30 -> N16 -> T_16 -> N15 -> T_2 -> N27 -> N26 -> N25 -> T_1,1.24
早高峰,GYGY,T_2,b,GYGY -> N61 -> N33 -> N31 -> GYST -> N29 -> XYST -> N30 -> N16 -> T_16 -> N15 -> T_2,8.66
早高峰,GYGY,T_3,b,GYGY -> N61 -> N33 -> N31 -> GYST -> N29 -> XYST -> N30 -> N16 -> T_16 -> N15 -> T_2 -> N6 -> N5 -> T_3,4.95
早高峰,GYGY,T_4,b,GYGY -> N61 -> N33 -> N31 -> GYST -> N28 -> XYST -> N30 -> N16 -> T_16 -> N15 -> T_2 -> N14 -> T_4,12.38
早高峰,GYGY,T_5,b,GYGY -> N61 -> N33 -> N31 -> GYST -> N29 -> XYST -> N30 -> N16 -> T_5,14.85
早高峰,GYGY,T_6,b,GYGY -> N61 -> N33 -> N31 -> GYST -> N29 -> N44 -> T_6,54.45
早高峰,GYGY,T_8,b,GYGY -> N61 -> N33 -> N46 -> T_7 -> N42 -> T_8,18.56
早高峰,GYGY,T_9,b,GYGY -> N61 -> N33 -> N46 -> T_7 -> N49 -> N48 -> T_9,14.85
早高峰,GYGY,T_10,b,GYGY -> N61 -> N33 -> N46 -> T_7 -> N49 -> N48 -> T_9 -> N38 -> T_10,7.42
早高峰,TYGY,T_25,c,TYGY -> N4 -> N14 -> T_2 -> N15 -> T_16 -> N16 -> N30 -> XYST -> N28 -> GYST -> N32 -> T_7 -> N49 -> N48 -> T_25,1.17
早高峰,XYGY,T_1,p,XYGY -> N12 -> XYST -> N30 -> N16 -> T_16 -> N15 -> T_2 -> N27 -> N26 -> N25 -> T_1,24.25
早高峰,XYGY,T_9,p,XYGY -> N12 -> XYST -> N29 -> GYST -> N32 -> T_7 -> N49 -> N48 -> T_9,23.15
早高峰,XYGY,T_10,p,XYGY -> N12 -> XYST -> N29 -> GYST -> N32 -> T_7 -> N49 -> N48 -> T_9 -> N38 -> T_10,3.31
早高峰,CYGY,T_16,b,CYGY -> N28 -> XYST -> N30 -> N16 -> T_16,52.65
早高峰,CYGY,T_2,p,CYGY -> N28 -> XYST -> N30 -> N16 -> T_16 -> N15 -> T_2,27.41
早高峰,CYGY,T_3,p,CYGY -> N28 -> XYST -> N30 -> N16 -> T_16 -> N15 -> T_2 -> N6 -> N5 -> T_3,27.41
早高峰,CYGY,T_4,p,CYGY -> N28 -> XYST -> N30 -> N16 -> T_16 -> N15 -> T_2 -> N14 -> T_4,27.41
早高峰,CYGY,T_5,p,CYGY -> N28 -> XYST -> N30 -> N16 -> T_5,56.7
早高峰,CYGY,T_6,p,CYGY -> N28 -> N29 -> N44 -> T_6,37.8
早高峰,CYGY,T_7,p,CYGY -> N28 -> GYST -> N32 -> T_7,56.7
早高峰,CYGY,T_8,p,CYGY -> N28 -> GYST -> N32 -> T_7 -> N42 -> T_8,49.14
早高峰,CYGY,T_9,p,CYGY -> N28 -> GYST -> N32 -> T_7 -> N49 -> N48 -> T_9,44.42
早高峰,TYGY,T_16,c,TYGY -> N4 -> N14 -> T_2 -> N15 -> T_16,7.02
早高峰,GYGY,T_1,p,GYGY -> N61 -> N33 -> N31 -> GYST -> N29 -> XYST -> N30 -> N16 -> T_16 -> N15 -> T_2 -> N27 -> N26 -> N25 -> T_1,13.39
早高峰,GYGY,T_2,p,GYGY -> N61 -> N33 -> N31 -> GYST -> N29 -> XYST -> N30 -> N16 -> T_16 -> N15 -> T_2,15.75
早高峰,GYGY,T_3,p,GYGY -> N61 -> N33 -> N31 -> GYST -> N29 -> XYST -> N30 -> N16 -> T_16 -> N15 -> T_2 -> N6 -> N5 -> T_3,14.17
早高峰,GYGY,T_4,p,GYGY -> N61 -> N33 -> N31 -> GYST -> N28 -> XYST -> N30 -> N16 -> T_16 -> N15 -> T_2 -> N14 -> T_4,2.36
早高峰,GYGY,T_5,p,GYGY -> N61 -> N33 -> N31 -> GYST -> N29 -> XYST -> N30 -> N16 -> T_5,11.81
早高峰,GYGY,T_6,p,GYGY -> N61 -> N33 -> N31 -> GYST -> N29 -> N44 -> T_6,20.48
早高峰,GYGY,T_8,p,GYGY -> N61 -> N33 -> N46 -> T_7 -> N42 -> T_8,22.84
早高峰,GYGY,T_9,p,GYGY -> N61 -> N33 -> N46 -> T_7 -> N49 -> N48 -> T_9,8.66
早高峰,GYGY,T_10,p,GYGY -> N61 -> N33 -> N46 -> T_7 -> N49 -> N48 -> T_9 -> N38 -> T_10,8.66
早高峰,XYGY,T_2,b,XYGY -> N12 -> XYST -> N30 -> N16 -> T_16 -> N15 -> T_2,17.32
早高峰,XYGY,T_3,b,XYGY -> N12 -> XYST -> N30 -> N16 -> T_16 -> N15 -> T_2 -> N6 -> N5 -> T_3,17.32
早高峰,XYGY,T_4,b,XYGY -> N12 -> XYST -> N30 -> N16 -> T_16 -> N15 -> T_2 -> N14 -> T_4,17.32
早高峰,XYGY,T_5,b,XYGY -> N12 -> XYST -> N30 -> N16 -> T_5,24.41
早高峰,XYGY,T_6,b,XYGY -> N12 -> XYST -> N29 -> N44 -> T_6,47.25
早高峰,XYGY,T_7,b,XYGY -> N12 -> XYST -> N29 -> GYST -> N32 -> T_7,25.99
早高峰,XYGY,T_8,b,XYGY -> N12 -> XYST -> N29 -> GYST -> N32 -> T_7 -> N42 -> T_8,20.48
早高峰,CYGY,T_1,b,CYGY -> N28 -> XYST -> N30 -> N16 -> T_16 -> N15 -> T_2 -> N27 -> N26 -> N25 -> T_1,21.53
早高峰,CYGY,T_10,b,CYGY -> N28 -> GYST -> N32 -> T_7 -> N49 -> N48 -> T_9 -> N38 -> T_10,18.56
早高峰,CYGY,T_25,b,CYGY -> N28 -> GYST -> N32 -> T_7 -> N49 -> N48 -> T_25,18.23
早高峰,GYGY,T_16,c,GYGY -> N61 -> N33 -> N31 -> GYST -> N29 -> XYST -> N30 -> N16 -> T_16,12.83
早高峰,XYGY,T_25,c,XYGY -> N12 -> XYST -> N29 -> GYST -> N32 -> T_7 -> N49 -> N48 -> T_25,4.41
早高峰,TYGY,T_6,c,TYGY -> N4 -> N14 -> T_2 -> N15 -> T_16 -> N16 -> N30 -> XYST -> N29 -> N44 -> T_6,4.68
早高峰,TYGY,T_7,c,TYGY -> N4 -> N14 -> T_2 -> N15 -> T_16 -> N16 -> N30 -> XYST -> N28 -> GYST -> N32 -> T_7,1.17
早高峰,TYGY,T_8,c,TYGY -> N4 -> N14 -> T_2 -> N15 -> T_16 -> N16 -> N30 -> XYST -> N29 -> GYST -> N32 -> T_7 -> N42 -> T_8,0.59
早高峰,TYGY,T_9,c,TYGY -> N4 -> N14 -> T_2 -> N15 -> T_16 -> N16 -> N30 -> XYST -> N28 -> GYST -> N32 -> T_7 -> N49 -> N48 -> T_9,0.59
早高峰,TYGY,T_10,c,TYGY -> N4 -> N14 -> T_2 -> N15 -> T_16 -> N16 -> N30 -> XYST -> N29 -> GYST -> N32 -> T_7 -> N49 -> N48 -> T_9 -> N38 -> T_10,0.59
早高峰,GYGY,T_7,b,GYGY -> N61 -> N33 -> N46 -> T_7,20.25
早高峰,CYGY,T_1,p,CYGY -> N28 -> XYST -> N30 -> N16 -> T_16 -> N15 -> T_2 -> N27 -> N26 -> N25 -> T_1,13.7
早高峰,CYGY,T_10,p,CYGY -> N28 -> GYST -> N32 -> T_7 -> N49 -> N48 -> T_9 -> N38 -> T_10,11.81
早高峰,XYGY,T_16,c,XYGY -> N12 -> XYST -> N30 -> N16 -> T_16,12.29
早高峰,GYGY,T_25,c,GYGY -> N61 -> N33 -> N46 -> T_7 -> N49 -> N48 -> T_25,7.2
早高峰,CYGY,T_2,b,CYGY -> N28 -> XYST -> N30 -> N16 -> T_16 -> N15 -> T_2,9.79
早高峰,CYGY,T_3,b,CYGY -> N28 -> XYST -> N30 -> N16 -> T_16 -> N15 -> T_2 -> N6 -> N5 -> T_3,9.79
早高峰,CYGY,T_4,b,CYGY -> N28 -> XYST -> N30 -> N16 -> T_16 -> N15 -> T_2 -> N14 -> T_4,9.79
早高峰,CYGY,T_5,b,CYGY -> N28 -> XYST -> N30 -> N16 -> T_5,20.25
早高峰,CYGY,T_6,b,CYGY -> N28 -> N29 -> N44 -> T_6,13.5
早高峰,CYGY,T_7,b,CYGY -> N28 -> GYST -> N32 -> T_7,20.25
早高峰,CYGY,T_8,b,CYGY -> N28 -> GYST -> N32 -> T_7 -> N42 -> T_8,16.2
早高峰,CYGY,T_9,b,CYGY -> N28 -> GYST -> N32 -> T_7 -> N49 -> N48 -> T_9,15.53
早高峰,XYGY,T_1,c,XYGY -> N12 -> XYST -> N30 -> N16 -> T_16 -> N15 -> T_2 -> N27 -> N26 -> N25 -> T_1,6.93
早高峰,XYGY,T_9,c,XYGY -> N12 -> XYST -> N28 -> GYST -> N32 -> T_7 -> N49 -> N48 -> T_9,1.57
早高峰,XYGY,T_10,c,XYGY -> N12 -> XYST -> N29 -> GYST -> N32 -> T_7 -> N49 -> N48 -> T_9 -> N38 -> T_10,7.56
早高峰,TYGY,T_1,c,TYGY -> N4 -> N14 -> T_2 -> N27 -> N26 -> N25 -> T_1,2.05
早高峰,TYGY,T_2,c,TYGY -> N4 -> N14 -> T_2,2.05
早高峰,TYGY,T_3,c,TYGY -> N3 -> T_3,17.55
早高峰,TYGY,T_4,c,TYGY -> N4 -> T_4,17.55
早高峰,TYGY,T_5,c,TYGY -> N4 -> N14 -> T_2 -> N15 -> T_16 -> N16 -> T_5,2.05
早高峰,GYGY,T_1,c,GYGY -> N61 -> N33 -> N31 -> GYST -> N28 -> XYST -> N30 -> N16 -> T_16 -> N15 -> T_2 -> N27 -> N26 -> N25 -> T_1,1.35
早高峰,GYGY,T_2,c,GYGY -> N61 -> N33 -> N31 -> GYST -> N28 -> XYST -> N30 -> N16 -> T_16 -> N15 -> T_2,1.8
早高峰,GYGY,T_3,c,GYGY -> N61 -> N33 -> N31 -> GYST -> N29 -> XYST -> N30 -> N16 -> T_16 -> N15 -> T_2 -> N6 -> N5 -> T_3,0.45
早高峰,GYGY,T_4,c,GYGY -> N61 -> N33 -> N31 -> GYST -> N28 -> XYST -> N30 -> N16 -> T_16 -> N15 -> T_2 -> N14 -> T_4,2.03
早高峰,GYGY,T_5,c,GYGY -> N61 -> N33 -> N31 -> GYST -> N29 -> XYST -> N30 -> N16 -> T_5,2.48
早高峰,GYGY,T_6,c,GYGY -> N61 -> N33 -> N31 -> GYST -> N29 -> N44 -> T_6,9.0
早高峰,GYGY,T_8,c,GYGY -> N61 -> N33 -> N46 -> T_7 -> N42 -> T_8,3.38
早高峰,GYGY,T_9,c,GYGY -> N61 -> N33 -> N46 -> T_7 -> N49 -> N48 -> T_9,2.93
早高峰,GYGY,T_10,c,GYGY -> N61 -> N33 -> N46 -> T_7 -> N49 -> N48 -> T_9 -> N38 -> T_10,1.58
早高峰,CYGY,T_16,c,CYGY -> N28 -> XYST -> N30 -> N16 -> T_16,10.53
早高峰,XYGY,T_2,c,XYGY -> N12 -> XYST -> N30 -> N16 -> T_16 -> N15 -> T_2,3.47
早高峰,XYGY,T_3,c,XYGY -> N12 -> XYST -> N30 -> N16 -> T_16 -> N15 -> T_2 -> N6 -> N5 -> T_3,3.47
早高峰,XYGY,T_4,c,XYGY -> N12 -> XYST -> N30 -> N16 -> T_16 -> N15 -> T_2 -> N14 -> T_4,3.47
早高峰,XYGY,T_5,c,XYGY -> N12 -> XYST -> N30 -> N16 -> T_5,4.73
早高峰,XYGY,T_6,c,XYGY -> N12 -> XYST -> N29 -> N44 -> T_6,9.45
早高峰,XYGY,T_7,c,XYGY -> N12 -> XYST -> N28 -> GYST -> N32 -> T_7,8.35
早高峰,XYGY,T_8,c,XYGY -> N12 -> XYST -> N28 -> GYST -> N32 -> T_7 -> N42 -> T_8,6.61
早高峰,CYGY,T_25,c,CYGY -> N28 -> GYST -> N32 -> T_7 -> N49 -> N48 -> T_25,3.64
早高峰,CYGY,T_1,c,CYGY -> N28 -> XYST -> N30 -> N16 -> T_16 -> N15 -> T_2 -> N27 -> N26 -> N25 -> T_1,3.78
早高峰,CYGY,T_10,c,CYGY -> N28 -> GYST -> N32 -> T_7 -> N49 -> N48 -> T_25 -> N38 -> T_10,2.29
早高峰,GYGY,T_7,c,GYGY -> N61 -> N33 -> N46 -> T_7,4.61
早高峰,CYGY,T_2,c,CYGY -> N28 -> XYST -> N30 -> N16 -> T_16 -> N15 -> T_2,1.89
早高峰,CYGY,T_3,c,CYGY -> N28 -> XYST -> N30 -> N16 -> T_16 -> N15 -> T_2 -> N6 -> N5 -> T_3,1.89
早高峰,CYGY,T_4,c,CYGY -> N28 -> XYST -> N30 -> N16 -> T_16 -> N15 -> T_2 -> N14 -> T_4,1.89
早高峰,CYGY,T_5,c,CYGY -> N28 -> XYST -> N30 -> N16 -> T_5,4.05
早高峰,CYGY,T_6,c,CYGY -> N28 -> N29 -> N44 -> T_6,2.7
早高峰,CYGY,T_7,c,CYGY -> N28 -> GYST -> N32 -> T_7,4.05
早高峰,CYGY,T_8,c,CYGY -> N28 -> GYST -> N32 -> T_7 -> N42 -> T_8,3.64
早高峰,CYGY,T_9,c,CYGY -> N28 -> GYST -> N32 -> T_7 -> N49 -> N48 -> T_9,3.1
早高峰,TYGY,T_25,b,TYGY -> N4 -> N14 -> T_2 -> N15 -> T_16 -> N16 -> N30 -> XYST -> N29 -> GYST -> N32 -> T_7 -> N49 -> N48 -> T_25,45.05
早高峰,TYGY,T_25,p,TYGY -> N4 -> N14 -> T_2 -> N15 -> T_16 -> N16 -> N30 -> XYST -> N28 -> GYST -> N32 -> T_7 -> N49 -> N48 -> T_25,28.66
早高峰,GYGY,T_16,b,GYGY -> N61 -> N33 -> N31 -> GYST -> N29 -> XYST -> N30 -> N16 -> T_16,118.8
早高峰,XYGY,T_25,b,XYGY -> N12 -> XYST -> N28 -> GYST -> N32 -> T_7 -> N49 -> N48 -> T_25,97.02
早高峰,GYGY,T_16,p,GYGY -> N61 -> N33 -> N31 -> GYST -> N28 -> XYST -> N30 -> N16 -> T_16,33.08
早高峰,XYGY,T_8,p,XYGY -> N12 -> XYST -> N28 -> GYST -> N32 -> T_7 -> N42 -> T_8,50.71
早高峰,TYGY,T_8,p,TYGY -> N4 -> N14 -> T_2 -> N15 -> T_16 -> N16 -> N30 -> XYST -> N28 -> GYST -> N32 -> T_7 -> N42 -> T_8,14.33
早高峰,TYGY,T_9,p,TYGY -> N4 -> N14 -> T_2 -> N15 -> T_16 -> N16 -> N30 -> XYST -> N29 -> GYST -> N32 -> T_7 -> N49 -> N48 -> T_9,10.24
早高峰,TYGY,T_10,p,TYGY -> N4 -> N14 -> T_2 -> N15 -> T_16 -> N16 -> N30 -> XYST -> N28 -> GYST -> N32 -> T_7 -> N49 -> N48 -> T_9 -> N38 -> T_10,10.24
早高峰,XYGY,T_9,b,XYGY -> N12 -> XYST -> N29 -> GYST -> N32 -> T_7 -> N49 -> N48 -> T_9,43.31
早高峰,XYGY,T_10,b,XYGY -> N12 -> XYST -> N28 -> GYST -> N32 -> T_7 -> N49 -> N48 -> T_9 -> N38 -> T_10,38.12
早高峰,GYGY,T_1,b,GYGY -> N61 -> N33 -> N31 -> GYST -> N28 -> XYST -> N30 -> N16 -> T_16 -> N15 -> T_2 -> N27 -> N26 -> N25 -> T_1,12.38
早高峰,GYGY,T_2,b,GYGY -> N61 -> N33 -> N31 -> GYST -> N28 -> XYST -> N30 -> N16 -> T_16 -> N15 -> T_2,11.14
早高峰,TYGY,T_25,c,TYGY -> N4 -> N14 -> T_2 -> N15 -> T_16 -> N16 -> N30 -> XYST -> N29 -> GYST -> N32 -> T_7 -> N49 -> N48 -> T_25,8.19
早高峰,XYGY,T_9,p,XYGY -> N12 -> XYST -> N28 -> GYST -> N32 -> T_7 -> N49 -> N48 -> T_9,28.66
早高峰,XYGY,T_10,p,XYGY -> N12 -> XYST -> N28 -> GYST -> N32 -> T_7 -> N49 -> N48 -> T_9 -> N38 -> T_10,24.25
早高峰,XYGY,T_7,b,XYGY -> N12 -> XYST -> N28 -> GYST -> N32 -> T_7,21.26
早高峰,XYGY,T_8,b,XYGY -> N12 -> XYST -> N28 -> GYST -> N32 -> T_7 -> N42 -> T_8,20.48
早高峰,TYGY,T_8,c,TYGY -> N4 -> N14 -> T_2 -> N15 -> T_16 -> N16 -> N30 -> XYST -> N28 -> GYST -> N32 -> T_7 -> N42 -> T_8,4.1
早高峰,TYGY,T_9,c,TYGY -> N4 -> N14 -> T_2 -> N15 -> T_16 -> N16 -> N30 -> XYST -> N29 -> GYST -> N32 -> T_7 -> N49 -> N48 -> T_9,4.1
早高峰,TYGY,T_10,c,TYGY -> N4 -> N14 -> T_2 -> N15 -> T_16 -> N16 -> N30 -> XYST -> N28 -> GYST -> N32 -> T_7 -> N49 -> N48 -> T_9 -> N38 -> T_10,4.1
早高峰,XYGY,T_9,c,XYGY -> N12 -> XYST -> N29 -> GYST -> N32 -> T_7 -> N49 -> N48 -> T_9,12.91
早高峰,GYGY,T_2,c,GYGY -> N61 -> N33 -> N31 -> GYST -> N29 -> XYST -> N30 -> N16 -> T_16 -> N15 -> T_2,2.7
早高峰,GYGY,T_3,c,GYGY -> N61 -> N33 -> N31 -> GYST -> N28 -> XYST -> N30 -> N16 -> T_16 -> N15 -> T_2 -> N6 -> N5 -> T_3,1.35
早高峰,GYGY,T_4,p,GYGY -> N61 -> N33 -> N31 -> GYST -> N29 -> XYST -> N30 -> N16 -> T_16 -> N15 -> T_2 -> N14 -> T_4,10.24
早高峰,GYGY,T_5,p,GYGY -> N61 -> N33 -> N31 -> GYST -> N28 -> XYST -> N30 -> N16 -> T_5,14.17
早高峰,XYGY,T_25,c,XYGY -> N12 -> XYST -> N28 -> GYST -> N32 -> T_7 -> N49 -> N48 -> T_25,12.6
早高峰,TYGY,T_7,c,TYGY -> N4 -> N14 -> T_2 -> N15 -> T_16 -> N16 -> N30 -> XYST -> N29 -> GYST -> N32 -> T_7,4.1
早高峰,GYGY,T_4,c,GYGY -> N61 -> N33 -> N31 -> GYST -> N29 -> XYST -> N30 -> N16 -> T_16 -> N15 -> T_2 -> N14 -> T_4,2.48
早高峰,GYGY,T_5,c,GYGY -> N61 -> N33 -> N31 -> GYST -> N28 -> XYST -> N30 -> N16 -> T_5,2.03
早高峰,GYGY,T_3,b,GYGY -> N61 -> N33 -> N31 -> GYST -> N28 -> XYST -> N30 -> N16 -> T_16 -> N15 -> T_2 -> N6 -> N5 -> T_3,8.66
早高峰,GYGY,T_4,b,GYGY -> N61 -> N33 -> N31 -> GYST -> N29 -> XYST -> N30 -> N16 -> T_16 -> N15 -> T_2 -> N14 -> T_4,11.14
早高峰,GYGY,T_5,b,GYGY -> N61 -> N33 -> N31 -> GYST -> N28 -> XYST -> N30 -> N16 -> T_5,3.71
早高峰,GYGY,T_10,c,GYGY -> N61 -> N60 -> N33 -> N46 -> T_7 -> N49 -> N48 -> T_9 -> N38 -> T_10,2.25
早高峰,CYGY,T_10,c,CYGY -> N28 -> GYST -> N32 -> T_7 -> N49 -> N48 -> T_9 -> N38 -> T_10,1.35
早高峰,GYGY,T_7,c,GYGY -> N61 -> N60 -> N33 -> N46 -> T_7,2.14
早高峰,GYGY,T_16,b,GYGY -> N61 -> N60 -> N33 -> N31 -> GYST -> N29 -> XYST -> N30 -> N16 -> T_16,81.68
早高峰,GYGY,T_25,b,GYGY -> N61 -> N60 -> N33 -> N46 -> T_7 -> N49 -> N48 -> T_25,27.23
早高峰,GYGY,T_16,p,GYGY -> N61 -> N60 -> N33 -> N31 -> GYST -> N28 -> XYST -> N30 -> N16 -> T_16,63.79
早高峰,GYGY,T_25,p,GYGY -> N61 -> N60 -> N33 -> N46 -> T_7 -> N49 -> N48 -> T_25,25.2
早高峰,GYGY,T_7,p,GYGY -> N61 -> N60 -> N33 -> N46 -> T_7,33.07
早高峰,GYGY,T_1,b,GYGY -> N61 -> N60 -> N33 -> N31 -> GYST -> N28 -> XYST -> N30 -> N16 -> T_16 -> N15 -> T_2 -> N27 -> N26 -> N25 -> T_1,14.85
早高峰,GYGY,T_2,b,GYGY -> N61 -> N60 -> N33 -> N31 -> GYST -> N29 -> XYST -> N30 -> N16 -> T_16 -> N15 -> T_2,7.42
早高峰,GYGY,T_3,b,GYGY -> N61 -> N60 -> N33 -> N31 -> GYST -> N28 -> XYST -> N30 -> N16 -> T_16 -> N15 -> T_2 -> N6 -> N5 -> T_3,13.61
早高峰,GYGY,T_4,b,GYGY -> N61 -> N60 -> N33 -> N31 -> GYST -> N29 -> XYST -> N30 -> N16 -> T_16 -> N15 -> T_2 -> N14 -> T_4,6.19
早高峰,GYGY,T_5,b,GYGY -> N61 -> N60 -> N33 -> N31 -> GYST -> N28 -> XYST -> N30 -> N16 -> T_5,22.28
早高峰,GYGY,T_6,b,GYGY -> N61 -> N60 -> N33 -> N31 -> GYST -> N29 -> N44 -> T_6,19.8
早高峰,GYGY,T_8,b,GYGY -> N61 -> N60 -> N33 -> N46 -> T_7 -> N42 -> T_8,45.79
早高峰,GYGY,T_9,b,GYGY -> N61 -> N60 -> N33 -> N46 -> T_7 -> N49 -> N48 -> T_9,9.9
早高峰,GYGY,T_10,b,GYGY -> N61 -> N60 -> N33 -> N46 -> T_7 -> N49 -> N48 -> T_9 -> N38 -> T_10,17.33
早高峰,GYGY,T_1,p,GYGY -> N61 -> N60 -> N33 -> N31 -> GYST -> N29 -> XYST -> N30 -> N16 -> T_16 -> N15 -> T_2 -> N27 -> N26 -> N25 -> T_1,4.72
早高峰,GYGY,T_2,p,GYGY -> N61 -> N60 -> N33 -> N31 -> GYST -> N29 -> XYST -> N30 -> N16 -> T_16 -> N15 -> T_2,7.09
早高峰,GYGY,T_3,p,GYGY -> N61 -> N60 -> N33 -> N31 -> GYST -> N29 -> XYST -> N30 -> N16 -> T_16 -> N15 -> T_2 -> N6 -> N5 -> T_3,8.66
早高峰,GYGY,T_4,p,GYGY -> N61 -> N60 -> N33 -> N31 -> GYST -> N29 -> XYST -> N30 -> N16 -> T_16 -> N15 -> T_2 -> N14 -> T_4,6.3
早高峰,GYGY,T_5,p,GYGY -> N61 -> N60 -> N33 -> N31 -> GYST -> N29 -> XYST -> N30 -> N16 -> T_5,14.96
早高峰,GYGY,T_6,p,GYGY -> N61 -> N60 -> N33 -> N31 -> GYST -> N29 -> N44 -> T_6,26.78
早高峰,GYGY,T_8,p,GYGY -> N61 -> N60 -> N33 -> N46 -> T_7 -> N42 -> T_8,18.11
早高峰,GYGY,T_9,p,GYGY -> N61 -> N60 -> N33 -> N46 -> T_7 -> N49 -> N48 -> T_9,7.09
早高峰,GYGY,T_10,p,GYGY -> N61 -> N60 -> N33 -> N46 -> T_7 -> N49 -> N48 -> T_9 -> N38 -> T_10,7.09
早高峰,GYGY,T_16,c,GYGY -> N61 -> N60 -> N33 -> N31 -> GYST -> N29 -> XYST -> N30 -> N16 -> T_16,12.15
早高峰,GYGY,T_7,b,GYGY -> N61 -> N60 -> N33 -> N46 -> T_7,13.5
早高峰,GYGY,T_25,c,GYGY -> N61 -> N60 -> N33 -> N46 -> T_7 -> N49 -> N48 -> T_25,4.05
早高峰,GYGY,T_1,c,GYGY -> N61 -> N60 -> N33 -> N31 -> GYST -> N28 -> XYST -> N30 -> N16 -> T_16 -> N15 -> T_2 -> N27 -> N26 -> N25 -> T_1,3.83
早高峰,GYGY,T_2,c,GYGY -> N61 -> N60 -> N33 -> N31 -> GYST -> N28 -> XYST -> N30 -> N16 -> T_16 -> N15 -> T_2,1.35
早高峰,GYGY,T_3,c,GYGY -> N61 -> N60 -> N33 -> N31 -> GYST -> N29 -> XYST -> N30 -> N16 -> T_16 -> N15 -> T_2 -> N6 -> N5 -> T_3,2.03
早高峰,GYGY,T_4,c,GYGY -> N61 -> N60 -> N33 -> N31 -> GYST -> N28 -> XYST -> N30 -> N16 -> T_16 -> N15 -> T_2 -> N14 -> T_4,0.9
早高峰,GYGY,T_5,c,GYGY -> N61 -> N60 -> N33 -> N31 -> GYST -> N29 -> XYST -> N30 -> N16 -> T_5,5.85
早高峰,GYGY,T_6,c,GYGY -> N61 -> N60 -> N33 -> N31 -> GYST -> N29 -> N44 -> T_6,4.5
早高峰,GYGY,T_8,c,GYGY -> N61 -> N60 -> N33 -> N46 -> T_7 -> N42 -> T_8,8.1
早高峰,GYGY,T_9,c,GYGY -> N61 -> N60 -> N33 -> N46 -> T_7 -> N49 -> N48 -> T_9,1.58
早高峰,GYGY,T_10,c,GYGY -> N61 -> N60 -> N33 -> N46 -> T_7 -> N49 -> N48 -> T_25 -> N38 -> T_10,0.45
早高峰,GYGY,T_2,b,GYGY -> N61 -> N60 -> N33 -> N31 -> GYST -> N28 -> XYST -> N30 -> N16 -> T_16 -> N15 -> T_2,8.66
早高峰,GYGY,T_3,b,GYGY -> N61 -> N60 -> N33 -> N31 -> GYST -> N29 -> XYST -> N30 -> N16 -> T_16 -> N15 -> T_2 -> N6 -> N5 -> T_3,8.66
早高峰,GYGY,T_4,b,GYGY -> N61 -> N60 -> N33 -> N31 -> GYST -> N28 -> XYST -> N30 -> N16 -> T_16 -> N15 -> T_2 -> N14 -> T_4,6.19
早高峰,GYGY,T_5,b,GYGY -> N61 -> N60 -> N33 -> N31 -> GYST -> N29 -> XYST -> N30 -> N16 -> T_5,33.41
早高峰,GYGY,T_4,p,GYGY -> N61 -> N60 -> N33 -> N31 -> GYST -> N28 -> XYST -> N30 -> N16 -> T_16 -> N15 -> T_2 -> N14 -> T_4,3.94
早高峰,TYGY,T_1,c,TYGY -> N4 -> T_4 -> N14 -> T_2 -> N27 -> N26 -> N25 -> T_1,13.46
早高峰,TYGY,T_2,c,TYGY -> N4 -> T_4 -> N14 -> T_2,15.5
早高峰,TYGY,T_5,c,TYGY -> N4 -> T_4 -> N14 -> T_2 -> N15 -> T_16 -> N16 -> T_5,15.5
早高峰,GYGY,T_2,c,GYGY -> N61 -> N60 -> N33 -> N31 -> GYST -> N29 -> XYST -> N30 -> N16 -> T_16 -> N15 -> T_2,0.68
早高峰,GYGY,T_3,c,GYGY -> N61 -> N60 -> N33 -> N31 -> GYST -> N28 -> XYST -> N30 -> N16 -> T_16 -> N15 -> T_2 -> N6 -> N5 -> T_3,2.7
早高峰,GYGY,T_4,c,GYGY -> N61 -> N60 -> N33 -> N31 -> GYST -> N29 -> XYST -> N30 -> N16 -> T_16 -> N15 -> T_2 -> N14 -> T_4,0.9
早高峰,GYGY,T_5,c,GYGY -> N61 -> N60 -> N33 -> N31 -> GYST -> N28 -> XYST -> N30 -> N16 -> T_5,3.15
早高峰,TYGY,T_16,p,TYGY -> N4 -> T_4 -> N14 -> T_2 -> N15 -> T_16,638.82
早高峰,TYGY,T_25,b,TYGY -> N4 -> T_4 -> N14 -> T_2 -> N15 -> T_16 -> N16 -> N30 -> XYST -> N29 -> GYST -> N32 -> T_7 -> N49 -> N48 -> T_25,109.4
早高峰,TYGY,T_16,b,TYGY -> N4 -> T_4 -> N14 -> T_2 -> N15 -> T_16,228.15
早高峰,TYGY,T_25,p,TYGY -> N4 -> T_4 -> N14 -> T_2 -> N15 -> T_16 -> N16 -> N30 -> XYST -> N28 -> GYST -> N32 -> T_7 -> N49 -> N48 -> T_25,81.9
早高峰,TYGY,T_1,p,TYGY -> N4 -> T_4 -> N14 -> T_2 -> N27 -> N26 -> N25 -> T_1,188.37
早高峰,TYGY,T_2,p,TYGY -> N4 -> T_4 -> N14 -> T_2,212.94
早高峰,TYGY,T_5,p,TYGY -> N4 -> T_4 -> N14 -> T_2 -> N15 -> T_16 -> N16 -> T_5,212.94
早高峰,TYGY,T_6,b,TYGY -> N4 -> T_4 -> N14 -> T_2 -> N15 -> T_16 -> N16 -> N30 -> XYST -> N29 -> N44 -> T_6,45.05
早高峰,TYGY,T_7,b,TYGY -> N4 -> T_4 -> N14 -> T_2 -> N15 -> T_16 -> N16 -> N30 -> XYST -> N28 -> GYST -> N32 -> T_7,90.09
早高峰,TYGY,T_8,b,TYGY -> N4 -> T_4 -> N14 -> T_2 -> N15 -> T_16 -> N16 -> N30 -> XYST -> N29 -> GYST -> N32 -> T_7 -> N42 -> T_8,80.44
早高峰,TYGY,T_9,b,TYGY -> N4 -> T_4 -> N14 -> T_2 -> N15 -> T_16 -> N16 -> N30 -> XYST -> N28 -> GYST -> N32 -> T_7 -> N49 -> N48 -> T_9,70.79
早高峰,TYGY,T_10,b,TYGY -> N4 -> T_4 -> N14 -> T_2 -> N15 -> T_16 -> N16 -> N30 -> XYST -> N29 -> GYST -> N32 -> T_7 -> N49 -> N48 -> T_9 -> N38 -> T_10,54.7
早高峰,TYGY,T_6,p,TYGY -> N4 -> T_4 -> N14 -> T_2 -> N15 -> T_16 -> N16 -> N30 -> XYST -> N29 -> N44 -> T_6,26.62
早高峰,TYGY,T_7,p,TYGY -> N4 -> T_4 -> N14 -> T_2 -> N15 -> T_16 -> N16 -> N30 -> XYST -> N28 -> GYST -> N32 -> T_7,51.19
早高峰,TYGY,T_8,p,TYGY -> N4 -> T_4 -> N14 -> T_2 -> N15 -> T_16 -> N16 -> N30 -> XYST -> N28 -> GYST -> N32 -> T_7 -> N42 -> T_8,30.71
早高峰,TYGY,T_9,p,TYGY -> N4 -> T_4 -> N14 -> T_2 -> N15 -> T_16 -> N16 -> N30 -> XYST -> N28 -> GYST -> N32 -> T_7 -> N49 -> N48 -> T_9,36.85
早高峰,TYGY,T_10,p,TYGY -> N4 -> T_4 -> N14 -> T_2 -> N15 -> T_16 -> N16 -> N30 -> XYST -> N29 -> GYST -> N32 -> T_7 -> N49 -> N48 -> T_9 -> N38 -> T_10,32.76
早高峰,TYGY,T_1,b,TYGY -> N4 -> T_4 -> N14 -> T_2 -> N27 -> N26 -> N25 -> T_1,65.81
早高峰,TYGY,T_2,b,TYGY -> N4 -> T_4 -> N14 -> T_2,76.05
早高峰,TYGY,T_5,b,TYGY -> N4 -> T_4 -> N14 -> T_2 -> N15 -> T_16 -> N16 -> T_5,76.05
早高峰,TYGY,T_25,c,TYGY -> N4 -> T_4 -> N14 -> T_2 -> N15 -> T_16 -> N16 -> N30 -> XYST -> N29 -> GYST -> N32 -> T_7 -> N49 -> N48 -> T_25,18.72
早高峰,TYGY,T_16,c,TYGY -> N4 -> T_4 -> N14 -> T_2 -> N15 -> T_16,45.63
早高峰,GYGY,T_5,p,GYGY -> N61 -> N60 -> N33 -> N31 -> GYST -> N28 -> XYST -> N30 -> N16 -> T_5,6.3
早高峰,TYGY,T_6,c,TYGY -> N4 -> T_4 -> N14 -> T_2 -> N15 -> T_16 -> N16 -> N30 -> XYST -> N29 -> N44 -> T_6,7.61
早高峰,TYGY,T_7,c,TYGY -> N4 -> T_4 -> N14 -> T_2 -> N15 -> T_16 -> N16 -> N30 -> XYST -> N29 -> GYST -> N32 -> T_7,13.46
早高峰,TYGY,T_8,c,TYGY -> N4 -> T_4 -> N14 -> T_2 -> N15 -> T_16 -> N16 -> N30 -> XYST -> N28 -> GYST -> N32 -> T_7 -> N42 -> T_8,9.95
早高峰,TYGY,T_9,c,TYGY -> N4 -> T_4 -> N14 -> T_2 -> N15 -> T_16 -> N16 -> N30 -> XYST -> N29 -> GYST -> N32 -> T_7 -> N49 -> N48 -> T_9,10.53
早高峰,TYGY,T_10,c,TYGY -> N4 -> T_4 -> N14 -> T_2 -> N15 -> T_16 -> N16 -> N30 -> XYST -> N28 -> GYST -> N32 -> T_7 -> N49 -> N48 -> T_9 -> N38 -> T_10,8.78
早高峰,GYGY,T_10,c,GYGY -> N61 -> N33 -> N46 -> T_7 -> N49 -> N48 -> T_25 -> N38 -> T_10,0.23
早高峰,GYGY,T_9,b,GYGY -> N61 -> N33 -> N46 -> N47 -> T_9,39.6
早高峰,GYGY,T_10,b,GYGY -> N61 -> N60 -> N33 -> N46 -> N47 -> T_9 -> N38 -> T_10,39.6
早高峰,GYGY,T_9,p,GYGY -> N61 -> N33 -> N46 -> N47 -> T_9,12.6
早高峰,GYGY,T_10,p,GYGY -> N61 -> N60 -> N33 -> N46 -> N47 -> T_9 -> N38 -> T_10,13.39
早高峰,GYGY,T_9,c,GYGY -> N61 -> N33 -> N46 -> N47 -> T_9,6.75
早高峰,GYGY,T_10,c,GYGY -> N61 -> N60 -> N33 -> N46 -> N47 -> T_9 -> N38 -> T_10,6.97
早高峰,TYGY,T_6,p,TYGY -> N4 -> T_4 -> N14 -> T_2 -> N27 -> N26 -> N25 -> T_1 -> N18 -> N45 -> T_6,65.52
早高峰,TYGY,T_9,p,TYGY -> N4 -> T_4 -> N14 -> T_2 -> N15 -> T_16 -> N16 -> N30 -> XYST -> N29 -> GYST -> N32 -> T_7 -> N49 -> N48 -> T_9,6.14
早高峰,TYGY,T_10,p,TYGY -> N4 -> T_4 -> N14 -> T_2 -> N15 -> T_16 -> N16 -> N30 -> XYST -> N28 -> GYST -> N32 -> T_7 -> N49 -> N48 -> T_9 -> N38 -> T_10,2.05
早高峰,GYGY,T_9,p,GYGY -> N61 -> N60 -> N33 -> N46 -> N47 -> T_9,18.9
早高峰,GYGY,T_10,p,GYGY -> N61 -> N33 -> N46 -> N47 -> T_9 -> N38 -> T_10,18.11
早高峰,TYGY,T_6,c,TYGY -> N4 -> T_4 -> N14 -> T_2 -> N27 -> N26 -> N25 -> T_1 -> N18 -> N45 -> T_6,18.72
早高峰,TYGY,T_7,c,TYGY -> N4 -> T_4 -> N14 -> T_2 -> N15 -> T_16 -> N16 -> N30 -> XYST -> N28 -> GYST -> N32 -> T_7,6.44
早高峰,XYGY,T_7,c,XYGY -> N12 -> XYST -> N29 -> GYST -> N32 -> T_7,1.1
早高峰,TYGY,T_6,b,TYGY -> N4 -> T_4 -> N14 -> T_2 -> N27 -> N26 -> N25 -> T_1 -> N18 -> N45 -> T_6,102.96
早高峰,TYGY,T_8,p,TYGY -> N4 -> T_4 -> N14 -> T_2 -> N15 -> T_16 -> N16 -> N30 -> XYST -> N29 -> GYST -> N32 -> T_7 -> N42 -> T_8,14.33
早高峰,XYGY,T_1,p,XYGY -> N12 -> N11 -> N15 -> T_2 -> N27 -> N26 -> N25 -> T_1,30.87
早高峰,XYGY,T_2,b,XYGY -> N12 -> N11 -> N15 -> T_2,29.14
早高峰,XYGY,T_3,b,XYGY -> N12 -> N11 -> N15 -> T_2 -> N6 -> N5 -> T_3,20.48
早高峰,XYGY,T_4,b,XYGY -> N12 -> N11 -> N15 -> T_2 -> N14 -> T_4,18.11
早高峰,TYGY,T_8,c,TYGY -> N4 -> T_4 -> N14 -> T_2 -> N15 -> T_16 -> N16 -> N30 -> XYST -> N29 -> GYST -> N32 -> T_7 -> N42 -> T_8,1.76
早高峰,TYGY,T_9,c,TYGY -> N4 -> T_4 -> N14 -> T_2 -> N15 -> T_16 -> N16 -> N30 -> XYST -> N28 -> GYST -> N32 -> T_7 -> N49 -> N48 -> T_9,1.17
早高峰,TYGY,T_10,c,TYGY -> N4 -> T_4 -> N14 -> T_2 -> N15 -> T_16 -> N16 -> N30 -> XYST -> N29 -> GYST -> N32 -> T_7 -> N49 -> N48 -> T_9 -> N38 -> T_10,0.59
早高峰,XYGY,T_1,c,XYGY -> N12 -> N11 -> N15 -> T_2 -> N27 -> N26 -> N25 -> T_1,8.82
早高峰,XYGY,T_10,c,XYGY -> N12 -> XYST -> N28 -> GYST -> N32 -> T_7 -> N49 -> N48 -> T_9 -> N38 -> T_10,0.32
早高峰,XYGY,T_2,c,XYGY -> N12 -> N11 -> N15 -> T_2,5.83
早高峰,XYGY,T_3,c,XYGY -> N12 -> N11 -> N15 -> T_2 -> N6 -> N5 -> T_3,4.1
早高峰,XYGY,T_4,c,XYGY -> N12 -> N11 -> N15 -> T_2 -> N14 -> T_4,3.62
早高峰,XYGY,T_8,c,XYGY -> N12 -> XYST -> N29 -> GYST -> N32 -> T_7 -> N42 -> T_8,0.94
早高峰,XYGY,T_2,p,XYGY -> N12 -> N11 -> N15 -> T_2,81.58
早高峰,XYGY,T_3,p,XYGY -> N12 -> N11 -> N15 -> T_2 -> N6 -> N5 -> T_3,55.12
早高峰,XYGY,T_4,p,XYGY -> N12 -> N11 -> N15 -> T_2 -> N14 -> T_4,48.51
早高峰,XYGY,T_1,b,XYGY -> N12 -> N11 -> N15 -> T_2 -> N27 -> N26 -> N25 -> T_1,48.51
早高峰,GYGY,T_1,b,GYGY -> N61 -> N60 -> N33 -> N31 -> GYST -> N29 -> N44 -> T_6 -> N45 -> N18 -> T_1,34.65
早高峰,TYGY,T_25,c,TYGY -> N4 -> T_4 -> N14 -> T_2 -> N15 -> T_16 -> N16 -> N30 -> XYST -> N28 -> GYST -> N32 -> T_7 -> N49 -> N48 -> T_25,2.34
早高峰,GYGY,T_1,p,GYGY -> N61 -> N33 -> N31 -> GYST -> N29 -> N44 -> T_6 -> N45 -> N18 -> T_1,22.84
早高峰,GYGY,T_1,c,GYGY -> N61 -> N33 -> N31 -> GYST -> N29 -> N44 -> T_6 -> N45 -> N18 -> T_1,2.7
早高峰,GYGY,T_9,c,GYGY -> N61 -> N60 -> N33 -> N46 -> N47 -> T_9,2.25
早高峰,GYGY,T_10,c,GYGY -> N61 -> N33 -> N46 -> N47 -> T_9 -> N38 -> T_10,2.03
早高峰,GYGY,T_1,b,GYGY -> N61 -> N33 -> N31 -> GYST -> N29 -> N44 -> T_6 -> N45 -> N18 -> T_1,11.14
早高峰,TYGY,T_8,c,TYGY -> N7 -> N8 -> N9 -> N10 -> N11 -> N12 -> XYST -> N28 -> GYST -> N32 -> T_7 -> N42 -> T_8,9.36
早高峰,TYGY,T_9,c,TYGY -> N7 -> N8 -> N9 -> N10 -> N11 -> N12 -> XYST -> N29 -> GYST -> N32 -> T_7 -> N49 -> N48 -> T_9,8.78
早高峰,TYGY,T_10,c,TYGY -> N7 -> N8 -> N9 -> N10 -> N11 -> N12 -> XYST -> N28 -> GYST -> N32 -> T_7 -> N49 -> N48 -> T_9 -> N38 -> T_10,0.59
早高峰,GYGY,T_1,c,GYGY -> N61 -> N60 -> N33 -> N31 -> GYST -> N29 -> N44 -> T_6 -> N45 -> N18 -> T_1,5.62
早高峰,CYGY,T_25,c,CYGY -> N28 -> GYST -> N32 -> T_7 -> N42 -> T_8 -> N40 -> N39 -> T_25,2.83
早高峰,CYGY,T_10,c,CYGY -> N28 -> GYST -> N32 -> T_7 -> N42 -> T_8 -> N40 -> N39 -> T_25 -> N38 -> T_10,2.56
早高峰,TYGY,T_25,b,TYGY -> N7 -> N8 -> N9 -> N10 -> N11 -> N12 -> XYST -> N29 -> GYST -> N32 -> T_7 -> N42 -> T_8 -> N40 -> N39 -> T_25,96.53
早高峰,TYGY,T_25,p,TYGY -> N7 -> N8 -> N9 -> N10 -> N11 -> N12 -> XYST -> N28 -> GYST -> N32 -> T_7 -> N42 -> T_8 -> N40 -> N39 -> T_25,49.14
早高峰,XYGY,T_25,b,XYGY -> N12 -> XYST -> N28 -> GYST -> N32 -> T_7 -> N42 -> T_8 -> N40 -> N39 -> T_25,69.3
早高峰,TYGY,T_7,b,TYGY -> N7 -> N8 -> N9 -> N10 -> N11 -> N12 -> XYST -> N28 -> GYST -> N32 -> T_7,48.26
早高峰,TYGY,T_8,b,TYGY -> N7 -> N8 -> N9 -> N10 -> N11 -> N12 -> XYST -> N29 -> GYST -> N32 -> T_7 -> N42 -> T_8,57.92
早高峰,TYGY,T_9,b,TYGY -> N7 -> N8 -> N9 -> N10 -> N11 -> N12 -> XYST -> N28 -> GYST -> N32 -> T_7 -> N49 -> N48 -> T_9,51.48
早高峰,TYGY,T_10,b,TYGY -> N7 -> N8 -> N9 -> N10 -> N11 -> N12 -> XYST -> N29 -> GYST -> N32 -> T_7 -> N42 -> T_8 -> N40 -> N39 -> T_25 -> N38 -> T_10,54.7
早高峰,GYGY,T_25,b,GYGY -> N61 -> N60 -> N33 -> N46 -> T_7 -> N42 -> T_8 -> N40 -> N39 -> T_25,39.6
早高峰,XYGY,T_25,p,XYGY -> N12 -> XYST -> N28 -> GYST -> N32 -> T_7 -> N42 -> T_8 -> N40 -> N39 -> T_25,48.51
早高峰,TYGY,T_7,p,TYGY -> N7 -> N8 -> N9 -> N10 -> N11 -> N12 -> XYST -> N28 -> GYST -> N32 -> T_7,28.66
早高峰,TYGY,T_8,p,TYGY -> N7 -> N8 -> N9 -> N10 -> N11 -> N12 -> XYST -> N29 -> GYST -> N32 -> T_7 -> N42 -> T_8,28.66
早高峰,TYGY,T_9,p,TYGY -> N7 -> N8 -> N9 -> N10 -> N11 -> N12 -> XYST -> N28 -> GYST -> N32 -> T_7 -> N49 -> N48 -> T_9,30.71
早高峰,TYGY,T_10,p,TYGY -> N7 -> N8 -> N9 -> N10 -> N11 -> N12 -> XYST -> N29 -> GYST -> N32 -> T_7 -> N42 -> T_8 -> N40 -> N39 -> T_25 -> N38 -> T_10,30.71
早高峰,CYGY,T_25,p,CYGY -> N28 -> GYST -> N32 -> T_7 -> N42 -> T_8 -> N40 -> N39 -> T_25,39.69
早高峰,XYGY,T_10,b,XYGY -> N12 -> XYST -> N29 -> GYST -> N32 -> T_7 -> N42 -> T_8 -> N40 -> N39 -> T_25 -> N38 -> T_10,32.92
早高峰,GYGY,T_25,p,GYGY -> N61 -> N60 -> N33 -> N46 -> T_7 -> N42 -> T_8 -> N40 -> N39 -> T_25,26.77
早高峰,TYGY,T_25,c,TYGY -> N7 -> N8 -> N9 -> N10 -> N11 -> N12 -> XYST -> N28 -> GYST -> N32 -> T_7 -> N42 -> T_8 -> N40 -> N39 -> T_25,15.21
早高峰,XYGY,T_10,p,XYGY -> N12 -> XYST -> N29 -> GYST -> N32 -> T_7 -> N42 -> T_8 -> N40 -> N39 -> T_25 -> N38 -> T_10,17.64
早高峰,CYGY,T_10,b,CYGY -> N28 -> GYST -> N32 -> T_7 -> N42 -> T_8 -> N40 -> N39 -> T_25 -> N38 -> T_10,14.85
早高峰,CYGY,T_25,b,CYGY -> N28 -> GYST -> N32 -> T_7 -> N42 -> T_8 -> N40 -> N39 -> T_25,14.18
早高峰,XYGY,T_25,c,XYGY -> N12 -> XYST -> N29 -> GYST -> N32 -> T_7 -> N42 -> T_8 -> N40 -> N39 -> T_25,12.6
早高峰,TYGY,T_7,c,TYGY -> N7 -> N8 -> N9 -> N10 -> N11 -> N12 -> XYST -> N29 -> GYST -> N32 -> T_7,6.44
早高峰,TYGY,T_10,c,TYGY -> N7 -> N8 -> N9 -> N10 -> N11 -> N12 -> XYST -> N28 -> GYST -> N32 -> T_7 -> N42 -> T_8 -> N40 -> N39 -> T_25 -> N38 -> T_10,7.02
早高峰,CYGY,T_10,p,CYGY -> N28 -> GYST -> N32 -> T_7 -> N42 -> T_8 -> N40 -> N39 -> T_25 -> N38 -> T_10,9.92
早高峰,GYGY,T_25,c,GYGY -> N61 -> N60 -> N33 -> N46 -> T_7 -> N42 -> T_8 -> N40 -> N39 -> T_25,4.5
早高峰,XYGY,T_10,c,XYGY -> N12 -> XYST -> N29 -> GYST -> N32 -> T_7 -> N42 -> T_8 -> N40 -> N39 -> T_25 -> N38 -> T_10,5.67
早高峰,XYGY,T_16,c,XYGY -> N12 -> N11 -> N15 -> T_16,16.07
早高峰,XYGY,T_16,p,XYGY -> N12 -> N11 -> N15 -> T_16,218.3
早高峰,XYGY,T_16,b,XYGY -> N12 -> N11 -> N15 -> T_16,77.96
早高峰,TYGY,T_25,c,TYGY -> N7 -> N8 -> N9 -> N10 -> N11 -> N12 -> XYST -> N29 -> GYST -> N32 -> T_7 -> N42 -> T_8 -> N40 -> N39 -> T_25,2.34
早高峰,XYGY,T_10,p,XYGY -> N12 -> XYST -> N28 -> GYST -> N32 -> T_7 -> N42 -> T_8 -> N40 -> N39 -> T_25 -> N38 -> T_10,4.41
早高峰,XYGY,T_25,c,XYGY -> N12 -> XYST -> N28 -> GYST -> N32 -> T_7 -> N42 -> T_8 -> N40 -> N39 -> T_25,0.63
早高峰,GYGY,T_25,c,GYGY -> N61 -> N33 -> N46 -> T_7 -> N42 -> T_8 -> N40 -> N39 -> T_25,4.95
早高峰,GYGY,T_25,b,GYGY -> N61 -> N33 -> N46 -> T_7 -> N42 -> T_8 -> N40 -> N39 -> T_25,7.43
早高峰,GYGY,T_25,p,GYGY -> N61 -> N33 -> N46 -> T_7 -> N42 -> T_8 -> N40 -> N39 -> T_25,4.72
早高峰,GYGY,T_9,b,GYGY -> N61 -> N60 -> N33 -> N46 -> N47 -> T_9,9.9
早高峰,GYGY,T_10,b,GYGY -> N61 -> N33 -> N46 -> N47 -> T_9 -> N38 -> T_10,9.9
早高峰,GYGY,T_1,p,GYGY -> N61 -> N60 -> N33 -> N31 -> GYST -> N29 -> N44 -> T_6 -> N45 -> N18 -> T_1,6.3
早高峰,GYGY,T_4,c,GYGY -> N61 -> N33 -> N31 -> GYST -> N28 -> XYST -> N12 -> N11 -> N15 -> T_2 -> N14 -> T_4,0.45
早高峰,CYGY,T_1,c,CYGY -> N28 -> XYST -> N12 -> N11 -> N15 -> T_2 -> N27 -> N26 -> N25 -> T_1,1.21
早高峰,CYGY,T_2,c,CYGY -> N28 -> XYST -> N12 -> N11 -> N15 -> T_2,2.09
早高峰,CYGY,T_3,c,CYGY -> N28 -> XYST -> N12 -> N11 -> N15 -> T_2 -> N6 -> N5 -> T_3,1.35
早高峰,CYGY,T_4,c,CYGY -> N28 -> XYST -> N12 -> N11 -> N15 -> T_2 -> N14 -> T_4,1.15
早高峰,GYGY,T_2,b,GYGY -> N61 -> N33 -> N31 -> GYST -> N28 -> XYST -> N12 -> N11 -> N15 -> T_2,29.7
早高峰,GYGY,T_3,b,GYGY -> N61 -> N60 -> N33 -> N31 -> GYST -> N28 -> XYST -> N12 -> N11 -> N15 -> T_2 -> N6 -> N5 -> T_3,21.04
早高峰,GYGY,T_4,b,GYGY -> N61 -> N33 -> N31 -> GYST -> N28 -> XYST -> N12 -> N11 -> N15 -> T_2 -> N14 -> T_4,9.9
早高峰,CYGY,T_2,p,CYGY -> N28 -> XYST -> N12 -> N11 -> N15 -> T_2,29.3
早高峰,CYGY,T_3,p,CYGY -> N28 -> XYST -> N12 -> N11 -> N15 -> T_2 -> N6 -> N5 -> T_3,17.96
早高峰,CYGY,T_4,p,CYGY -> N28 -> XYST -> N12 -> N11 -> N15 -> T_2 -> N14 -> T_4,15.12
早高峰,GYGY,T_2,p,GYGY -> N61 -> N33 -> N31 -> GYST -> N29 -> XYST -> N12 -> N11 -> N15 -> T_2,18.9
早高峰,GYGY,T_3,p,GYGY -> N61 -> N33 -> N31 -> GYST -> N29 -> XYST -> N12 -> N11 -> N15 -> T_2 -> N6 -> N5 -> T_3,9.45
早高峰,GYGY,T_4,p,GYGY -> N61 -> N33 -> N31 -> GYST -> N28 -> XYST -> N12 -> N11 -> N15 -> T_2 -> N14 -> T_4,2.36
早高峰,CYGY,T_1,b,CYGY -> N28 -> XYST -> N12 -> N11 -> N15 -> T_2 -> N27 -> N26 -> N25 -> T_1,5.94
早高峰,CYGY,T_1,p,CYGY -> N28 -> XYST -> N12 -> N11 -> N15 -> T_2 -> N27 -> N26 -> N25 -> T_1,3.78
早高峰,CYGY,T_2,b,CYGY -> N28 -> XYST -> N12 -> N11 -> N15 -> T_2,10.13
早高峰,CYGY,T_3,b,CYGY -> N28 -> XYST -> N12 -> N11 -> N15 -> T_2 -> N6 -> N5 -> T_3,6.41
早高峰,CYGY,T_4,b,CYGY -> N28 -> XYST -> N12 -> N11 -> N15 -> T_2 -> N14 -> T_4,5.4
早高峰,GYGY,T_2,c,GYGY -> N61 -> N33 -> N31 -> GYST -> N28 -> XYST -> N12 -> N11 -> N15 -> T_2,1.35
早高峰,GYGY,T_3,c,GYGY -> N61 -> N60 -> N33 -> N31 -> GYST -> N28 -> XYST -> N12 -> N11 -> N15 -> T_2 -> N6 -> N5 -> T_3,1.12
早高峰,GYGY,T_4,c,GYGY -> N61 -> N33 -> N31 -> GYST -> N29 -> XYST -> N12 -> N11 -> N15 -> T_2 -> N14 -> T_4,2.48
早高峰,TYGY,T_25,b,TYGY -> N4 -> T_4 -> N14 -> T_2 -> N15 -> T_16 -> N16 -> N30 -> XYST -> N29 -> GYST -> N32 -> T_7 -> N42 -> T_8 -> N40 -> N39 -> T_25,38.61
早高峰,GYGY,T_4,b,GYGY -> N61 -> N33 -> N31 -> GYST -> N29 -> XYST -> N12 -> N11 -> N15 -> T_2 -> N14 -> T_4,7.42
早高峰,GYGY,T_4,p,GYGY -> N61 -> N33 -> N31 -> GYST -> N29 -> XYST -> N12 -> N11 -> N15 -> T_2 -> N14 -> T_4,8.66
早高峰,GYGY,T_2,c,GYGY -> N61 -> N60 -> N33 -> N31 -> GYST -> N28 -> XYST -> N12 -> N11 -> N15 -> T_2,0.9
早高峰,GYGY,T_3,c,GYGY -> N61 -> N33 -> N31 -> GYST -> N28 -> XYST -> N12 -> N11 -> N15 -> T_2 -> N6 -> N5 -> T_3,0.68
早高峰,GYGY,T_4,c,GYGY -> N61 -> N60 -> N33 -> N31 -> GYST -> N29 -> XYST -> N12 -> N11 -> N15 -> T_2 -> N14 -> T_4,0.68
早高峰,XYGY,T_5,c,XYGY -> N12 -> N11 -> N15 -> T_16 -> N16 -> T_5,4.73
早高峰,XYGY,T_5,p,XYGY -> N12 -> N11 -> N15 -> T_16 -> N16 -> T_5,63.94
早高峰,XYGY,T_5,b,XYGY -> N12 -> N11 -> N15 -> T_16 -> N16 -> T_5,22.84
早高峰,GYGY,T_3,c,GYGY -> N61 -> N60 -> N33 -> N31 -> GYST -> N29 -> XYST -> N12 -> N11 -> N15 -> T_2 -> N6 -> N5 -> T_3,1.8
早高峰,TYGY,T_25,p,TYGY -> N4 -> T_4 -> N14 -> T_2 -> N15 -> T_16 -> N16 -> N30 -> XYST -> N28 -> GYST -> N32 -> T_7 -> N42 -> T_8 -> N40 -> N39 -> T_25,28.66
早高峰,TYGY,T_10,c,TYGY -> N4 -> T_4 -> N14 -> T_2 -> N15 -> T_16 -> N16 -> N30 -> XYST -> N28 -> GYST -> N32 -> T_7 -> N42 -> T_8 -> N40 -> N39 -> T_25 -> N38 -> T_10,2.93
早高峰,GYGY,T_3,c,GYGY -> N61 -> N33 -> N31 -> GYST -> N29 -> XYST -> N12 -> N11 -> N15 -> T_2 -> N6 -> N5 -> T_3,0.68
早高峰,GYGY,T_4,c,GYGY -> N61 -> N60 -> N33 -> N31 -> GYST -> N28 -> XYST -> N12 -> N11 -> N15 -> T_2 -> N14 -> T_4,0.23
早高峰,CYGY,T_16,p,CYGY -> N28 -> XYST -> N12 -> N11 -> N15 -> T_16,48.2
早高峰,GYGY,T_16,p,GYGY -> N61 -> N33 -> N31 -> GYST -> N28 -> XYST -> N12 -> N11 -> N15 -> T_16,11.81
早高峰,TYGY,T_10,p,TYGY -> N4 -> T_4 -> N14 -> T_2 -> N15 -> T_16 -> N16 -> N30 -> XYST -> N29 -> GYST -> N32 -> T_7 -> N42 -> T_8 -> N40 -> N39 -> T_25 -> N38 -> T_10,4.09
早高峰,GYGY,T_2,b,GYGY -> N61 -> N60 -> N33 -> N31 -> GYST -> N28 -> XYST -> N12 -> N11 -> N15 -> T_2,8.66
早高峰,GYGY,T_3,b,GYGY -> N61 -> N33 -> N31 -> GYST -> N28 -> XYST -> N12 -> N11 -> N15 -> T_2 -> N6 -> N5 -> T_3,2.48
早高峰,GYGY,T_4,b,GYGY -> N61 -> N60 -> N33 -> N31 -> GYST -> N28 -> XYST -> N12 -> N11 -> N15 -> T_2 -> N14 -> T_4,1.24
早高峰,CYGY,T_16,b,CYGY -> N28 -> XYST -> N12 -> N11 -> N15 -> T_16,8.1
早高峰,GYGY,T_2,p,GYGY -> N61 -> N60 -> N33 -> N31 -> GYST -> N29 -> XYST -> N12 -> N11 -> N15 -> T_2,4.72
早高峰,GYGY,T_3,p,GYGY -> N61 -> N60 -> N33 -> N31 -> GYST -> N29 -> XYST -> N12 -> N11 -> N15 -> T_2 -> N6 -> N5 -> T_3,1.57
早高峰,GYGY,T_4,p,GYGY -> N61 -> N60 -> N33 -> N31 -> GYST -> N29 -> XYST -> N12 -> N11 -> N15 -> T_2 -> N14 -> T_4,1.57
早高峰,GYGY,T_16,c,GYGY -> N61 -> N33 -> N31 -> GYST -> N29 -> XYST -> N12 -> N11 -> N15 -> T_16,1.35
早高峰,CYGY,T_16,c,CYGY -> N28 -> XYST -> N12 -> N11 -> N15 -> T_16,1.62
早高峰,GYGY,T_16,b,GYGY -> N61 -> N33 -> N31 -> GYST -> N29 -> XYST -> N12 -> N11 -> N15 -> T_16,14.85
早高峰,GYGY,T_16,p,GYGY -> N61 -> N60 -> N33 -> N31 -> GYST -> N28 -> XYST -> N12 -> N11 -> N15 -> T_16,30.71
早高峰,GYGY,T_16,c,GYGY -> N61 -> N60 -> N33 -> N31 -> GYST -> N29 -> XYST -> N12 -> N11 -> N15 -> T_16,0.68
早高峰,XYGY,T_10,c,XYGY -> N12 -> XYST -> N28 -> GYST -> N32 -> T_7 -> N42 -> T_8 -> N40 -> N39 -> T_25 -> N38 -> T_10,0.95
早高峰,TYGY,T_10,b,TYGY -> N4 -> T_4 -> N14 -> T_2 -> N15 -> T_16 -> N16 -> N30 -> XYST -> N29 -> GYST -> N32 -> T_7 -> N42 -> T_8 -> N40 -> N39 -> T_25 -> N38 -> T_10,16.09
早高峰,TYGY,T_7,p,TYGY -> N7 -> N8 -> N9 -> N10 -> N11 -> N12 -> XYST -> N29 -> GYST -> N32 -> T_7,2.05
早高峰,CYGY,T_1,b,CYGY -> N28 -> N29 -> N44 -> T_6 -> N45 -> N18 -> T_1,2.23
早高峰,CYGY,T_1,p,CYGY -> N28 -> N29 -> N44 -> T_6 -> N45 -> N18 -> T_1,1.42
早高峰,CYGY,T_1,c,CYGY -> N28 -> N29 -> N44 -> T_6 -> N45 -> N18 -> T_1,0.4
早高峰,GYGY,T_16,b,GYGY -> N61 -> N60 -> N33 -> N31 -> GYST -> N29 -> XYST -> N12 -> N11 -> N15 -> T_16,3.71
早高峰,TYGY,T_10,p,TYGY -> N7 -> N8 -> N9 -> N10 -> N11 -> N12 -> XYST -> N28 -> GYST -> N32 -> T_7 -> N42 -> T_8 -> N40 -> N39 -> T_25 -> N38 -> T_10,6.14
早高峰,XYGY,T_10,b,XYGY -> N12 -> XYST -> N28 -> GYST -> N32 -> T_7 -> N42 -> T_8 -> N40 -> N39 -> T_25 -> N38 -> T_10,5.2
早高峰,GYGY,T_4,b,GYGY -> N61 -> N60 -> N33 -> N31 -> GYST -> N29 -> XYST -> N12 -> N11 -> N15 -> T_2 -> N14 -> T_4,1.24
早高峰,TYGY,T_25,c,TYGY -> N4 -> T_4 -> N14 -> T_2 -> N15 -> T_16 -> N16 -> N30 -> XYST -> N29 -> GYST -> N32 -> T_7 -> N42 -> T_8 -> N40 -> N39 -> T_25,1.17
早高峰,GYGY,T_16,c,GYGY -> N61 -> N33 -> N31 -> GYST -> N28 -> XYST -> N12 -> N11 -> N15 -> T_16,0.68
早高峰,TYGY,T_7,c,TYGY -> N7 -> N8 -> N9 -> N10 -> N11 -> N12 -> XYST -> N28 -> GYST -> N32 -> T_7,1.17
早高峰,TYGY,T_8,c,TYGY -> N7 -> N8 -> N9 -> N10 -> N11 -> N12 -> XYST -> N29 -> GYST -> N32 -> T_7 -> N42 -> T_8,1.17
早高峰,TYGY,T_9,c,TYGY -> N7 -> N8 -> N9 -> N10 -> N11 -> N12 -> XYST -> N28 -> GYST -> N32 -> T_7 -> N49 -> N48 -> T_9,1.17
早高峰,TYGY,T_10,c,TYGY -> N7 -> N8 -> N9 -> N10 -> N11 -> N12 -> XYST -> N29 -> GYST -> N32 -> T_7 -> N42 -> T_8 -> N40 -> N39 -> T_25 -> N38 -> T_10,1.17
早高峰,GYGY,T_2,c,GYGY -> N61 -> N33 -> N31 -> GYST -> N29 -> XYST -> N12 -> N11 -> N15 -> T_2,3.15
早高峰,TYGY,T_25,c,TYGY -> N4 -> T_4 -> N14 -> T_2 -> N15 -> T_16 -> N16 -> N30 -> XYST -> N28 -> GYST -> N32 -> T_7 -> N42 -> T_8 -> N40 -> N39 -> T_25,2.34
早高峰,GYGY,T_3,p,GYGY -> N61 -> N33 -> N31 -> GYST -> N28 -> XYST -> N12 -> N11 -> N15 -> T_2 -> N6 -> N5 -> T_3,3.94
早高峰,GYGY,T_16,c,GYGY -> N61 -> N60 -> N33 -> N31 -> GYST -> N28 -> XYST -> N12 -> N11 -> N15 -> T_16,3.38
早高峰,CYGY,T_6,p,CYGY -> N28 -> N44 -> T_6,18.9
早高峰,CYGY,T_1,b,CYGY -> N28 -> N44 -> T_6 -> N45 -> N18 -> T_1,14.85
早高峰,CYGY,T_1,p,CYGY -> N28 -> N44 -> T_6 -> N45 -> N18 -> T_1,9.45
早高峰,CYGY,T_6,b,CYGY -> N28 -> N44 -> T_6,6.75
早高峰,CYGY,T_1,c,CYGY -> N28 -> N44 -> T_6 -> N45 -> N18 -> T_1,2.7
早高峰,CYGY,T_6,c,CYGY -> N28 -> N44 -> T_6,1.35
早高峰,TYGY,T_8,p,TYGY -> N7 -> N8 -> N9 -> N10 -> N11 -> N12 -> XYST -> N28 -> GYST -> N32 -> T_7 -> N42 -> T_8,4.09
早高峰,TYGY,T_10,c,TYGY -> N4 -> T_4 -> N14 -> T_2 -> N15 -> T_16 -> N16 -> N30 -> XYST -> N29 -> GYST -> N32 -> T_7 -> N42 -> T_8 -> N40 -> N39 -> T_25 -> N38 -> T_10,0.59
早高峰,TYGY,T_25,c,TYGY -> N7 -> N8 -> N9 -> N10 -> N11 -> N12 -> XYST -> N28 -> GYST -> N32 -> T_7 -> N49 -> N48 -> T_25,1.17
早高峰,TYGY,T_9,p,TYGY -> N7 -> N8 -> N9 -> N10 -> N11 -> N12 -> XYST -> N29 -> GYST -> N32 -> T_7 -> N49 -> N48 -> T_9,2.05
早高峰,GYGY,T_16,c,GYGY -> N61 -> N60 -> N33 -> N31 -> GYST -> N28 -> XYST -> N30 -> N16 -> T_16,6.75
早高峰,TYGY,T_25,p,TYGY -> N7 -> N8 -> N9 -> N10 -> N11 -> N12 -> XYST -> N28 -> GYST -> N32 -> T_7 -> N49 -> N48 -> T_25,4.09
早高峰,XYGY,T_4,p,XYGY -> N12 -> N11 -> N10 -> N14 -> T_4,33.07
早高峰,TYGY,T_7,p,TYGY -> N4 -> T_4 -> N14 -> T_2 -> N15 -> N11 -> N12 -> XYST -> N28 -> GYST -> N32 -> T_7,20.47
早高峰,TYGY,T_8,p,TYGY -> N4 -> T_4 -> N14 -> T_2 -> N15 -> N11 -> N12 -> XYST -> N29 -> GYST -> N32 -> T_7 -> N42 -> T_8,10.24
早高峰,TYGY,T_9,p,TYGY -> N4 -> T_4 -> N14 -> T_2 -> N15 -> N11 -> N12 -> XYST -> N28 -> GYST -> N32 -> T_7 -> N49 -> N48 -> T_9,4.09
早高峰,TYGY,T_10,p,TYGY -> N4 -> T_4 -> N14 -> T_2 -> N15 -> N11 -> N12 -> XYST -> N29 -> GYST -> N32 -> T_7 -> N42 -> T_8 -> N40 -> N39 -> T_25 -> N38 -> T_10,4.09
早高峰,GYGY,T_4,b,GYGY -> N61 -> N33 -> N31 -> GYST -> N28 -> XYST -> N12 -> N11 -> N10 -> N14 -> T_4,12.38
早高峰,TYGY,T_25,c,TYGY -> N4 -> T_4 -> N14 -> T_2 -> N15 -> N11 -> N12 -> XYST -> N28 -> GYST -> N32 -> T_7 -> N42 -> T_8 -> N40 -> N39 -> T_25,1.17
早高峰,XYGY,T_10,p,XYGY -> N12 -> XYST -> N29 -> GYST -> N32 -> T_7 -> N49 -> N48 -> T_25 -> N38 -> T_10,2.2
早高峰,CYGY,T_4,p,CYGY -> N28 -> XYST -> N12 -> N11 -> N10 -> N14 -> T_4,14.18
早高峰,GYGY,T_4,p,GYGY -> N61 -> N33 -> N31 -> GYST -> N28 -> XYST -> N12 -> N11 -> N10 -> N14 -> T_4,2.36
早高峰,XYGY,T_4,b,XYGY -> N12 -> N11 -> N10 -> N14 -> T_4,11.81
早高峰,CYGY,T_10,b,CYGY -> N28 -> GYST -> N32 -> T_7 -> N49 -> N48 -> T_25 -> N38 -> T_10,1.48
早高峰,TYGY,T_8,c,TYGY -> N4 -> T_4 -> N14 -> T_2 -> N15 -> N11 -> N12 -> XYST -> N28 -> GYST -> N32 -> T_7 -> N42 -> T_8,2.34
早高峰,TYGY,T_9,c,TYGY -> N4 -> T_4 -> N14 -> T_2 -> N15 -> N11 -> N12 -> XYST -> N29 -> GYST -> N32 -> T_7 -> N49 -> N48 -> T_9,0.59
早高峰,TYGY,T_10,c,TYGY -> N4 -> T_4 -> N14 -> T_2 -> N15 -> N11 -> N12 -> XYST -> N28 -> GYST -> N32 -> T_7 -> N42 -> T_8 -> N40 -> N39 -> T_25 -> N38 -> T_10,0.59
早高峰,CYGY,T_4,b,CYGY -> N28 -> XYST -> N12 -> N11 -> N10 -> N14 -> T_4,5.06
早高峰,GYGY,T_4,c,GYGY -> N61 -> N33 -> N31 -> GYST -> N28 -> XYST -> N12 -> N11 -> N10 -> N14 -> T_4,0.45
早高峰,XYGY,T_4,c,XYGY -> N12 -> N11 -> N10 -> N14 -> T_4,2.36
早高峰,CYGY,T_4,c,CYGY -> N28 -> XYST -> N12 -> N11 -> N10 -> N14 -> T_4,1.01
早高峰,TYGY,T_25,b,TYGY -> N4 -> T_4 -> N14 -> T_2 -> N15 -> N11 -> N12 -> XYST -> N29 -> GYST -> N32 -> T_7 -> N42 -> T_8 -> N40 -> N39 -> T_25,12.87
早高峰,TYGY,T_7,b,TYGY -> N4 -> T_4 -> N14 -> T_2 -> N15 -> N11 -> N12 -> XYST -> N28 -> GYST -> N32 -> T_7,28.96
早高峰,TYGY,T_8,b,TYGY -> N4 -> T_4 -> N14 -> T_2 -> N15 -> N11 -> N12 -> XYST -> N29 -> GYST -> N32 -> T_7 -> N42 -> T_8,12.87
早高峰,TYGY,T_9,b,TYGY -> N4 -> T_4 -> N14 -> T_2 -> N15 -> N11 -> N12 -> XYST -> N28 -> GYST -> N32 -> T_7 -> N49 -> N48 -> T_9,3.22
早高峰,XYGY,T_8,p,XYGY -> N12 -> XYST -> N29 -> GYST -> N32 -> T_7 -> N49 -> T_8,26.46
早高峰,TYGY,T_8,p,TYGY -> N4 -> T_4 -> N14 -> T_2 -> N15 -> N11 -> N12 -> XYST -> N29 -> GYST -> N32 -> T_7 -> N49 -> T_8,14.33
早高峰,TYGY,T_25,c,TYGY -> N4 -> T_4 -> N14 -> T_2 -> N15 -> N11 -> N12 -> XYST -> N28 -> GYST -> N32 -> T_7 -> N49 -> T_8 -> N40 -> N39 -> T_25,1.17
早高峰,TYGY,T_7,c,TYGY -> N4 -> T_4 -> N14 -> T_2 -> N15 -> N11 -> N12 -> XYST -> N29 -> GYST -> N32 -> T_7,1.76
早高峰,TYGY,T_9,c,TYGY -> N4 -> T_4 -> N14 -> T_2 -> N15 -> N11 -> N12 -> XYST -> N29 -> GYST -> N32 -> T_7 -> N46 -> N47 -> T_9,1.76
早高峰,TYGY,T_10,c,TYGY -> N4 -> T_4 -> N14 -> T_2 -> N15 -> N11 -> N12 -> XYST -> N28 -> GYST -> N32 -> T_7 -> N46 -> N47 -> T_9 -> N38 -> T_10,1.76
早高峰,CYGY,T_10,p,CYGY -> N28 -> GYST -> N32 -> T_7 -> N46 -> N47 -> T_9 -> N38 -> T_10,6.62
早高峰,GYGY,T_25,c,GYGY -> N61 -> N33 -> N46 -> N47 -> T_9 -> N38 -> T_25,4.05
早高峰,CYGY,T_9,b,CYGY -> N28 -> GYST -> N32 -> T_7 -> N46 -> N47 -> T_9,4.73
早高峰,XYGY,T_9,c,XYGY -> N12 -> XYST -> N29 -> GYST -> N32 -> T_7 -> N46 -> N47 -> T_9,1.26
早高峰,XYGY,T_10,c,XYGY -> N12 -> XYST -> N28 -> GYST -> N32 -> T_7 -> N46 -> N47 -> T_9 -> N38 -> T_10,0.95
早高峰,GYGY,T_2,c,GYGY -> N61 -> N60 -> N33 -> N31 -> GYST -> N29 -> XYST -> N12 -> N11 -> N15 -> T_2,1.35
早高峰,GYGY,T_4,c,GYGY -> N61 -> N60 -> N33 -> N31 -> GYST -> N29 -> XYST -> N12 -> N11 -> N10 -> N14 -> T_4,1.35
早高峰,CYGY,T_10,c,CYGY -> N28 -> GYST -> N32 -> T_7 -> N46 -> N47 -> T_9 -> N38 -> T_10,1.89
早高峰,CYGY,T_9,c,CYGY -> N28 -> GYST -> N32 -> T_7 -> N46 -> N47 -> T_9,0.94
早高峰,TYGY,T_8,b,TYGY -> N4 -> T_4 -> N14 -> T_2 -> N15 -> N11 -> N12 -> XYST -> N29 -> GYST -> N32 -> T_7 -> N49 -> T_8,16.09
早高峰,TYGY,T_9,b,TYGY -> N4 -> T_4 -> N14 -> T_2 -> N15 -> T_16 -> N16 -> N30 -> XYST -> N28 -> GYST -> N32 -> T_7 -> N46 -> N47 -> T_9,9.65
早高峰,TYGY,T_10,b,TYGY -> N4 -> T_4 -> N14 -> T_2 -> N15 -> N11 -> N12 -> XYST -> N29 -> GYST -> N32 -> T_7 -> N46 -> N47 -> T_9 -> N38 -> T_10,32.18
早高峰,GYGY,T_25,b,GYGY -> N61 -> N60 -> N33 -> N46 -> N47 -> T_9 -> N38 -> T_25,19.8
早高峰,TYGY,T_7,p,TYGY -> N4 -> T_4 -> N14 -> T_2 -> N15 -> N11 -> N12 -> XYST -> N29 -> GYST -> N32 -> T_7,4.09
早高峰,TYGY,T_9,p,TYGY -> N4 -> T_4 -> N14 -> T_2 -> N15 -> N11 -> N12 -> XYST -> N28 -> GYST -> N32 -> T_7 -> N46 -> N47 -> T_9,20.47
早高峰,TYGY,T_10,p,TYGY -> N4 -> T_4 -> N14 -> T_2 -> N15 -> N11 -> N12 -> XYST -> N29 -> GYST -> N32 -> T_7 -> N46 -> N47 -> T_9 -> N38 -> T_10,20.47
早高峰,XYGY,T_9,b,XYGY -> N12 -> XYST -> N28 -> GYST -> N32 -> T_7 -> N46 -> N47 -> T_9,20.79
早高峰,XYGY,T_10,b,XYGY -> N12 -> XYST -> N29 -> GYST -> N32 -> T_7 -> N46 -> N47 -> T_9 -> N38 -> T_10,20.79
早高峰,GYGY,T_25,p,GYGY -> N61 -> N60 -> N33 -> N46 -> N47 -> T_9 -> N38 -> T_25,12.6
早高峰,TYGY,T_25,c,TYGY -> N4 -> T_4 -> N14 -> T_2 -> N15 -> N11 -> N12 -> XYST -> N28 -> GYST -> N32 -> T_7 -> N49 -> N48 -> T_25,1.17
早高峰,XYGY,T_9,p,XYGY -> N12 -> XYST -> N29 -> GYST -> N32 -> T_7 -> N46 -> N47 -> T_9,13.23
早高峰,XYGY,T_10,p,XYGY -> N12 -> XYST -> N29 -> GYST -> N32 -> T_7 -> N46 -> N47 -> T_9 -> N38 -> T_10,13.23
早高峰,CYGY,T_9,p,CYGY -> N28 -> GYST -> N32 -> T_7 -> N46 -> N47 -> T_9,12.29
早高峰,GYGY,T_4,p,GYGY -> N61 -> N33 -> N31 -> GYST -> N29 -> XYST -> N12 -> N11 -> N10 -> N14 -> T_4,5.51
早高峰,CYGY,T_10,b,CYGY -> N28 -> GYST -> N32 -> T_7 -> N46 -> N47 -> T_9 -> N38 -> T_10,9.65
早高峰,TYGY,T_8,c,TYGY -> N4 -> T_4 -> N14 -> T_2 -> N15 -> N11 -> N12 -> XYST -> N28 -> GYST -> N32 -> T_7 -> N49 -> T_8,0.59
早高峰,TYGY,T_10,c,TYGY -> N4 -> T_4 -> N14 -> T_2 -> N15 -> T_16 -> N16 -> N30 -> XYST -> N28 -> GYST -> N32 -> T_7 -> N46 -> N47 -> T_9 -> N38 -> T_10,0.59
早高峰,XYGY,T_8,c,XYGY -> N12 -> XYST -> N29 -> GYST -> N32 -> T_7 -> N49 -> T_8,0.32
早高峰,CYGY,T_8,c,CYGY -> N28 -> GYST -> N32 -> T_7 -> N49 -> T_8,0.4
早高峰,TYGY,T_25,b,TYGY -> N4 -> T_4 -> N14 -> T_2 -> N15 -> N11 -> N12 -> XYST -> N29 -> GYST -> N32 -> T_7 -> N49 -> N48 -> T_25,6.44
早高峰,TYGY,T_25,p,TYGY -> N4 -> T_4 -> N14 -> T_2 -> N15 -> N11 -> N12 -> XYST -> N28 -> GYST -> N32 -> T_7 -> N42 -> T_8 -> N40 -> N39 -> T_25,4.09
早高峰,TYGY,T_9,b,TYGY -> N4 -> T_4 -> N14 -> T_2 -> N15 -> N11 -> N12 -> XYST -> N28 -> GYST -> N32 -> T_7 -> N46 -> N47 -> T_9,28.96
早高峰,GYGY,T_25,b,GYGY -> N61 -> N33 -> N46 -> N47 -> T_9 -> N38 -> T_25,12.38
早高峰,XYGY,T_25,p,XYGY -> N12 -> XYST -> N28 -> GYST -> N32 -> T_7 -> N49 -> T_8 -> N41 -> N39 -> T_25,17.64
早高峰,XYGY,T_3,p,XYGY -> N12 -> N11 -> N10 -> N9 -> N8 -> N7 -> TYGY -> N3 -> T_3,26.46
早高峰,XYGY,T_8,p,XYGY -> N12 -> XYST -> N28 -> GYST -> N32 -> T_7 -> N49 -> T_8,2.2
早高峰,TYGY,T_8,p,TYGY -> N4 -> T_4 -> N14 -> T_2 -> N15 -> N11 -> N12 -> XYST -> N28 -> GYST -> N32 -> T_7 -> N49 -> T_8,2.05
早高峰,TYGY,T_9,p,TYGY -> N4 -> T_4 -> N14 -> T_2 -> N15 -> N11 -> N12 -> XYST -> N29 -> GYST -> N32 -> T_7 -> N46 -> N47 -> T_9,2.05
早高峰,TYGY,T_10,p,TYGY -> N4 -> T_4 -> N14 -> T_2 -> N15 -> N11 -> N12 -> XYST -> N28 -> GYST -> N32 -> T_7 -> N46 -> N47 -> T_9 -> N38 -> T_10,2.05
早高峰,CYGY,T_25,p,CYGY -> N28 -> GYST -> N32 -> T_7 -> N49 -> T_8 -> N41 -> N39 -> T_25,22.68
早高峰,XYGY,T_9,b,XYGY -> N12 -> XYST -> N29 -> GYST -> N32 -> T_7 -> N46 -> N47 -> T_9,1.73
早高峰,XYGY,T_10,b,XYGY -> N12 -> XYST -> N28 -> GYST -> N32 -> T_7 -> N46 -> N47 -> T_9 -> N38 -> T_10,1.73
早高峰,GYGY,T_25,p,GYGY -> N61 -> N33 -> N46 -> N47 -> T_9 -> N38 -> T_25,7.88
早高峰,GYGY,T_3,b,GYGY -> N61 -> N33 -> N31 -> GYST -> N28 -> XYST -> N12 -> N11 -> N10 -> N9 -> N8 -> N7 -> TYGY -> N3 -> T_3,6.19
早高峰,GYGY,T_4,b,GYGY -> N61 -> N60 -> N33 -> N31 -> GYST -> N28 -> XYST -> N12 -> N11 -> N10 -> N14 -> T_4,6.19
早高峰,GYGY,T_8,b,GYGY -> N61 -> N33 -> N46 -> T_7 -> N49 -> T_8,4.95
早高峰,TYGY,T_25,c,TYGY -> N4 -> T_4 -> N14 -> T_2 -> N15 -> N11 -> N12 -> XYST -> N29 -> GYST -> N32 -> T_7 -> N42 -> T_8 -> N41 -> N39 -> T_25,1.17
早高峰,XYGY,T_9,p,XYGY -> N12 -> XYST -> N28 -> GYST -> N32 -> T_7 -> N46 -> N47 -> T_9,1.1
早高峰,XYGY,T_10,p,XYGY -> N12 -> XYST -> N28 -> GYST -> N32 -> T_7 -> N46 -> N47 -> T_9 -> N38 -> T_10,1.1
早高峰,CYGY,T_3,p,CYGY -> N28 -> XYST -> N12 -> N11 -> N10 -> N9 -> N8 -> N7 -> TYGY -> N3 -> T_3,11.34
早高峰,CYGY,T_8,p,CYGY -> N28 -> GYST -> N32 -> T_7 -> N49 -> T_8,7.56
早高峰,GYGY,T_3,p,GYGY -> N61 -> N60 -> N33 -> N31 -> GYST -> N29 -> XYST -> N12 -> N11 -> N10 -> N9 -> N8 -> N7 -> TYGY -> N3 -> T_3,3.15
早高峰,GYGY,T_4,p,GYGY -> N61 -> N60 -> N33 -> N31 -> GYST -> N28 -> XYST -> N12 -> N11 -> N10 -> N14 -> T_4,3.15
早高峰,GYGY,T_8,p,GYGY -> N61 -> N60 -> N33 -> N46 -> T_7 -> N49 -> T_8,3.15
早高峰,XYGY,T_3,b,XYGY -> N12 -> N11 -> N10 -> N9 -> N8 -> N7 -> TYGY -> N3 -> T_3,9.45
早高峰,XYGY,T_8,b,XYGY -> N12 -> XYST -> N28 -> GYST -> N32 -> T_7 -> N49 -> T_8,0.79
早高峰,CYGY,T_25,b,CYGY -> N28 -> GYST -> N32 -> T_7 -> N49 -> T_8 -> N41 -> N39 -> T_25,5.4
早高峰,GYGY,T_16,c,GYGY -> N61 -> N33 -> N31 -> GYST -> N28 -> XYST -> N30 -> N16 -> T_16,2.7
早高峰,XYGY,T_25,c,XYGY -> N12 -> XYST -> N29 -> GYST -> N32 -> T_7 -> N49 -> T_8 -> N41 -> N39 -> T_25,5.04
早高峰,TYGY,T_7,c,TYGY -> N4 -> T_4 -> N14 -> T_2 -> N15 -> N11 -> N12 -> XYST -> N28 -> GYST -> N32 -> T_7,0.59
早高峰,TYGY,T_9,c,TYGY -> N4 -> T_4 -> N14 -> T_2 -> N15 -> N11 -> N12 -> XYST -> N28 -> GYST -> N32 -> T_7 -> N46 -> N47 -> T_9,2.93
早高峰,TYGY,T_10,c,TYGY -> N4 -> T_4 -> N14 -> T_2 -> N15 -> N11 -> N12 -> XYST -> N29 -> GYST -> N32 -> T_7 -> N46 -> N47 -> T_9 -> N38 -> T_10,3.51
早高峰,GYGY,T_25,c,GYGY -> N61 -> N60 -> N33 -> N46 -> N47 -> T_9 -> N38 -> T_25,2.25
早高峰,CYGY,T_3,b,CYGY -> N28 -> XYST -> N12 -> N11 -> N10 -> N9 -> N8 -> N7 -> TYGY -> N3 -> T_3,4.05
早高峰,CYGY,T_8,b,CYGY -> N28 -> GYST -> N32 -> T_7 -> N49 -> T_8,4.05
早高峰,XYGY,T_9,c,XYGY -> N12 -> XYST -> N28 -> GYST -> N32 -> T_7 -> N46 -> N47 -> T_9,3.15
早高峰,XYGY,T_10,c,XYGY -> N12 -> XYST -> N29 -> GYST -> N32 -> T_7 -> N46 -> N47 -> T_9 -> N38 -> T_10,3.46
早高峰,GYGY,T_3,c,GYGY -> N61 -> N60 -> N33 -> N31 -> GYST -> N29 -> XYST -> N12 -> N11 -> N10 -> N9 -> N8 -> N7 -> TYGY -> N3 -> T_3,1.58
早高峰,GYGY,T_4,c,GYGY -> N61 -> N33 -> N31 -> GYST -> N29 -> XYST -> N12 -> N11 -> N10 -> N14 -> T_4,1.58
早高峰,GYGY,T_8,c,GYGY -> N61 -> N60 -> N33 -> N46 -> T_7 -> N49 -> T_8,1.58
早高峰,XYGY,T_3,c,XYGY -> N12 -> N11 -> N10 -> N9 -> N8 -> N7 -> TYGY -> N3 -> T_3,1.89
早高峰,XYGY,T_8,c,XYGY -> N12 -> XYST -> N28 -> GYST -> N32 -> T_7 -> N49 -> T_8,1.57
早高峰,CYGY,T_25,c,CYGY -> N28 -> GYST -> N32 -> T_7 -> N49 -> T_8 -> N41 -> N39 -> T_25,1.48
早高峰,CYGY,T_3,c,CYGY -> N28 -> XYST -> N12 -> N11 -> N10 -> N9 -> N8 -> N7 -> TYGY -> N3 -> T_3,0.81
早高峰,TYGY,T_25,b,TYGY -> N4 -> T_4 -> N14 -> T_2 -> N15 -> N11 -> N12 -> XYST -> N29 -> GYST -> N32 -> T_7 -> N49 -> T_8 -> N41 -> N39 -> T_25,45.05
早高峰,TYGY,T_25,p,TYGY -> N4 -> T_4 -> N14 -> T_2 -> N15 -> T_16 -> N16 -> N30 -> XYST -> N28 -> GYST -> N32 -> T_7 -> N42 -> T_8 -> N41 -> N39 -> T_25,28.66
早高峰,XYGY,T_25,b,XYGY -> N12 -> XYST -> N28 -> GYST -> N32 -> T_7 -> N42 -> T_8 -> N41 -> N39 -> T_25,24.26
早高峰,GYGY,T_3,b,GYGY -> N61 -> N60 -> N33 -> N31 -> GYST -> N28 -> XYST -> N12 -> N11 -> N10 -> N9 -> N8 -> N7 -> TYGY -> N3 -> T_3,8.66
早高峰,GYGY,T_8,b,GYGY -> N61 -> N60 -> N33 -> N46 -> T_7 -> N49 -> T_8,4.95
早高峰,TYGY,T_25,c,TYGY -> N4 -> T_4 -> N14 -> T_2 -> N15 -> N11 -> N12 -> XYST -> N28 -> GYST -> N32 -> T_7 -> N42 -> T_8 -> N41 -> N39 -> T_25,8.19
早高峰,GYGY,T_3,p,GYGY -> N61 -> N33 -> N31 -> GYST -> N28 -> XYST -> N12 -> N11 -> N10 -> N9 -> N8 -> N7 -> TYGY -> N3 -> T_3,5.51
早高峰,GYGY,T_8,p,GYGY -> N61 -> N33 -> N46 -> T_7 -> N49 -> T_8,3.15
早高峰,XYGY,T_8,b,XYGY -> N12 -> XYST -> N29 -> GYST -> N32 -> T_7 -> N49 -> T_8,5.51
早高峰,TYGY,T_9,c,TYGY -> N4 -> T_4 -> N14 -> T_2 -> N15 -> T_16 -> N16 -> N30 -> XYST -> N29 -> GYST -> N32 -> T_7 -> N46 -> N47 -> T_9,0.59
早高峰,XYGY,T_1,p,XYGY -> N12 -> XYST -> N29 -> N44 -> T_6 -> N45 -> N18 -> T_1,11.02
早高峰,XYGY,T_1,c,XYGY -> N12 -> XYST -> N29 -> N44 -> T_6 -> N45 -> N18 -> T_1,3.15
早高峰,GYGY,T_3,c,GYGY -> N61 -> N33 -> N31 -> GYST -> N29 -> XYST -> N12 -> N11 -> N10 -> N9 -> N8 -> N7 -> TYGY -> N3 -> T_3,0.9
早高峰,GYGY,T_8,c,GYGY -> N61 -> N33 -> N46 -> T_7 -> N49 -> T_8,0.45
早高峰,TYGY,T_25,b,TYGY -> N4 -> T_4 -> N14 -> T_2 -> N15 -> N11 -> N12 -> XYST -> N29 -> GYST -> N32 -> T_7 -> N42 -> T_8 -> N41 -> N39 -> T_25,19.3
早高峰,TYGY,T_25,p,TYGY -> N4 -> T_4 -> N14 -> T_2 -> N15 -> T_16 -> N16 -> N30 -> XYST -> N28 -> GYST -> N32 -> T_7 -> N49 -> T_8 -> N41 -> N39 -> T_25,12.29
早高峰,XYGY,T_25,b,XYGY -> N12 -> XYST -> N28 -> GYST -> N32 -> T_7 -> N49 -> T_8 -> N41 -> N39 -> T_25,13.86
早高峰,XYGY,T_25,p,XYGY -> N12 -> XYST -> N28 -> GYST -> N32 -> T_7 -> N42 -> T_8 -> N41 -> N39 -> T_25,8.82
早高峰,TYGY,T_9,p,TYGY -> N4 -> T_4 -> N14 -> T_2 -> N15 -> T_16 -> N16 -> N30 -> XYST -> N28 -> GYST -> N32 -> T_7 -> N46 -> N47 -> T_9,4.09
早高峰,XYGY,T_1,b,XYGY -> N12 -> XYST -> N29 -> N44 -> T_6 -> N45 -> N18 -> T_1,15.59
早高峰,TYGY,T_25,c,TYGY -> N4 -> T_4 -> N14 -> T_2 -> N15 -> N11 -> N12 -> XYST -> N28 -> GYST -> N32 -> T_7 -> N49 -> T_8 -> N41 -> N39 -> T_25,4.68
早高峰,CYGY,T_25,b,CYGY -> N28 -> GYST -> N32 -> T_7 -> N42 -> T_8 -> N41 -> N39 -> T_25,2.7
早高峰,XYGY,T_25,c,XYGY -> N12 -> XYST -> N29 -> GYST -> N32 -> T_7 -> N42 -> T_8 -> N41 -> N39 -> T_25,2.52
早高峰,TYGY,T_8,c,TYGY -> N4 -> T_4 -> N14 -> T_2 -> N15 -> N11 -> N12 -> XYST -> N29 -> GYST -> N32 -> T_7 -> N49 -> T_8,2.34
早高峰,TYGY,T_10,c,TYGY -> N4 -> T_4 -> N14 -> T_2 -> N15 -> T_16 -> N16 -> N30 -> XYST -> N29 -> GYST -> N32 -> T_7 -> N46 -> N47 -> T_9 -> N38 -> T_10,2.34
早高峰,TYGY,T_8,c,TYGY -> N4 -> T_4 -> N14 -> T_2 -> N15 -> N11 -> N12 -> XYST -> N29 -> GYST -> N32 -> T_7 -> N42 -> T_8,2.93
早高峰,TYGY,T_25,b,TYGY -> N4 -> T_4 -> N14 -> T_2 -> N15 -> T_16 -> N16 -> N30 -> XYST -> N29 -> GYST -> N32 -> T_7 -> N42 -> T_8 -> N41 -> N39 -> T_25,6.44
早高峰,TYGY,T_25,p,TYGY -> N4 -> T_4 -> N14 -> T_2 -> N15 -> N11 -> N12 -> XYST -> N28 -> GYST -> N32 -> T_7 -> N49 -> T_8 -> N41 -> N39 -> T_25,4.09
早高峰,TYGY,T_6,p,TYGY -> N4 -> T_4 -> N14 -> T_2 -> N27 -> N24 -> T_1 -> N18 -> N45 -> T_6,14.33
早高峰,TYGY,T_1,b,TYGY -> N4 -> T_4 -> N14 -> T_2 -> N27 -> N24 -> T_1,10.24
早高峰,TYGY,T_6,c,TYGY -> N4 -> T_4 -> N14 -> T_2 -> N27 -> N24 -> T_1 -> N18 -> N45 -> T_6,4.1
早高峰,TYGY,T_9,c,TYGY -> N4 -> T_4 -> N14 -> T_2 -> N15 -> T_16 -> N16 -> N30 -> XYST -> N28 -> GYST -> N32 -> T_7 -> N46 -> N47 -> T_9,2.34
早高峰,TYGY,T_1,c,TYGY -> N4 -> T_4 -> N14 -> T_2 -> N27 -> N24 -> T_1,2.05
早高峰,TYGY,T_1,p,TYGY -> N4 -> T_4 -> N14 -> T_2 -> N27 -> N24 -> T_1,24.57
早高峰,TYGY,T_6,b,TYGY -> N4 -> T_4 -> N14 -> T_2 -> N27 -> N24 -> T_1 -> N18 -> N45 -> T_6,19.31
早高峰,TYGY,T_8,p,TYGY -> N7 -> N8 -> N9 -> N10 -> N11 -> N12 -> XYST -> N29 -> GYST -> N32 -> T_7 -> N49 -> T_8,2.05
早高峰,TYGY,T_10,p,TYGY -> N4 -> T_4 -> N14 -> T_2 -> N15 -> T_16 -> N16 -> N30 -> XYST -> N29 -> GYST -> N32 -> T_7 -> N46 -> N47 -> T_9 -> N38 -> T_10,4.09
早高峰,TYGY,T_9,b,TYGY -> N7 -> N8 -> N9 -> N10 -> N11 -> N12 -> XYST -> N28 -> GYST -> N32 -> T_7 -> N46 -> N47 -> T_9,3.22
早高峰,CYGY,T_25,c,CYGY -> N28 -> GYST -> N32 -> T_7 -> N42 -> T_8 -> N41 -> N39 -> T_25,0.13
早高峰,TYGY,T_10,b,TYGY -> N4 -> T_4 -> N14 -> T_2 -> N15 -> T_16 -> N16 -> N30 -> XYST -> N29 -> GYST -> N32 -> T_7 -> N46 -> N47 -> T_9 -> N38 -> T_10,9.65
早高峰,TYGY,T_9,c,TYGY -> N7 -> N8 -> N9 -> N10 -> N11 -> N12 -> XYST -> N28 -> GYST -> N32 -> T_7 -> N46 -> N47 -> T_9,0.59
早高峰,GYGY,T_2,p,GYGY -> N61 -> N60 -> N33 -> N31 -> GYST -> N29 -> XYST -> N12 -> N11 -> N10 -> N14 -> T_2,0.79
早高峰,GYGY,T_3,p,GYGY -> N61 -> N60 -> N33 -> N31 -> GYST -> N28 -> XYST -> N12 -> N11 -> N10 -> N9 -> N8 -> N7 -> TYGY -> N3 -> T_3,0.79
早高峰,GYGY,T_4,p,GYGY -> N61 -> N60 -> N33 -> N31 -> GYST -> N29 -> XYST -> N12 -> N11 -> N10 -> N14 -> T_4,0.79
早高峰,XYGY,T_2,b,XYGY -> N12 -> N11 -> N10 -> N14 -> T_2,0.79
早高峰,CYGY,T_2,b,CYGY -> N28 -> XYST -> N12 -> N11 -> N10 -> N14 -> T_2,0.34
早高峰,GYGY,T_2,c,GYGY -> N61 -> N33 -> N31 -> GYST -> N28 -> XYST -> N12 -> N11 -> N10 -> N14 -> T_2,0.23
早高峰,GYGY,T_3,c,GYGY -> N61 -> N60 -> N33 -> N31 -> GYST -> N28 -> XYST -> N12 -> N11 -> N10 -> N9 -> N8 -> N7 -> TYGY -> N3 -> T_3,0.23
早高峰,XYGY,T_2,c,XYGY -> N12 -> N11 -> N10 -> N14 -> T_2,0.16
早高峰,CYGY,T_2,c,CYGY -> N28 -> XYST -> N12 -> N11 -> N10 -> N14 -> T_2,0.07
午高峰,T_16,SYJ,p,T_16 -> N16 -> N30 -> XYST -> N12 -> XYGY -> N13 -> SYJ,312.59
午高峰,T_25,SYJ,b,T_25 -> N48 -> N49 -> T_7 -> N32 -> GYST -> N28 -> XYST -> N12 -> XYGY -> N13 -> SYJ,99.47
午高峰,T_16,TYGY,p,T_16 -> N15 -> T_2 -> N14 -> N4 -> TYGY,106.48
午高峰,T_25,SYJ,p,T_25 -> N48 -> N49 -> T_7 -> N32 -> GYST -> N29 -> XYST -> N12 -> XYGY -> N13 -> SYJ,68.17
午高峰,T_6,SYJ,p,T_6 -> N44 -> N29 -> XYST -> N12 -> XYGY -> N13 -> SYJ,222.22
午高峰,T_5,SYJ,p,T_5 -> N16 -> N30 -> XYST -> N12 -> XYGY -> N13 -> SYJ,172.2
午高峰,T_10,SYJ,b,T_10 -> N38 -> T_9 -> N48 -> N49 -> T_7 -> N32 -> GYST -> N29 -> XYST -> N12 -> XYGY -> N13 -> SYJ,53.06
午高峰,T_16,SYJ,b,T_16 -> N16 -> N30 -> XYST -> N12 -> XYGY -> N13 -> SYJ,83.73
午高峰,T_9,SYJ,b,T_9 -> N48 -> N49 -> T_7 -> N32 -> GYST -> N29 -> XYST -> N12 -> XYGY -> N13 -> SYJ,72.69
午高峰,T_16,XYST,p,T_16 -> N16 -> N30 -> XYST,182.64
午高峰,T_16,XYGY,p,T_16 -> N16 -> N30 -> XYST -> N12 -> XYGY,80.94
午高峰,T_8,SYJ,b,T_8 -> N42 -> T_7 -> N32 -> GYST -> N28 -> XYST -> N12 -> XYGY -> N13 -> SYJ,69.68
午高峰,T_1,SYJ,b,T_1 -> N25 -> N26 -> N27 -> T_2 -> N15 -> T_16 -> N16 -> N30 -> XYST -> N12 -> XYGY -> N13 -> SYJ,51.61
午高峰,T_7,SYJ,p,T_7 -> N32 -> GYST -> N29 -> XYST -> N12 -> XYGY -> N13 -> SYJ,86.78
午高峰,T_16,TYST,p,T_16 -> N15 -> T_2 -> N14 -> TYST,171.02
午高峰,T_4,TYGY,p,T_4 -> N4 -> TYGY,165.63
午高峰,T_25,TYGY,b,T_25 -> N48 -> N49 -> T_7 -> N32 -> GYST -> N28 -> XYST -> N30 -> N16 -> T_16 -> N15 -> T_2 -> N14 -> N4 -> TYGY,45.84
午高峰,T_2,TYGY,p,T_2 -> N14 -> N4 -> TYGY,44.72
午高峰,T_10,SYJ,p,T_10 -> N38 -> T_9 -> N48 -> N49 -> T_7 -> N32 -> GYST -> N29 -> XYST -> N12 -> XYGY -> N13 -> SYJ,54.54
午高峰,T_4,TYST,p,T_4 -> N14 -> TYST,147.72
午高峰,T_3,SYJ,b,T_3 -> N5 -> N6 -> T_2 -> N15 -> T_16 -> N16 -> N30 -> XYST -> N12 -> XYGY -> N13 -> SYJ,39.15
午高峰,T_9,SYJ,p,T_9 -> N48 -> N49 -> T_7 -> N32 -> GYST -> N29 -> XYST -> N12 -> XYGY -> N13 -> SYJ,92.52
午高峰,T_25,GYST,p,T_25 -> N48 -> N49 -> T_7 -> N32 -> GYST,54.5
午高峰,T_3,TYGY,p,T_3 -> N3 -> TYGY,140.86
午高峰,T_16,TYGY,b,T_16 -> N15 -> T_2 -> N14 -> N4 -> TYGY,38.03
午高峰,T_2,SYJ,p,T_2 -> N15 -> T_16 -> N16 -> N30 -> XYST -> N12 -> XYGY -> N13 -> SYJ,35.58
午高峰,T_2,TYST,p,T_2 -> N14 -> TYST,129.67
午高峰,T_7,GYST,p,T_7 -> N32 -> GYST,127.34
午高峰,T_8,SYJ,p,T_8 -> N42 -> T_7 -> N32 -> GYST -> N29 -> XYST -> N12 -> XYGY -> N13 -> SYJ,42.23
午高峰,T_1,SYJ,p,T_1 -> N25 -> N26 -> N27 -> T_2 -> N15 -> T_16 -> N16 -> N30 -> XYST -> N12 -> XYGY -> N13 -> SYJ,32.84
午高峰,T_1,TYGY,p,T_1 -> N25 -> N26 -> N27 -> T_2 -> N14 -> N4 -> TYGY,34.3
午高峰,T_5,TYGY,p,T_5 -> N16 -> T_16 -> N15 -> T_2 -> N14 -> N4 -> TYGY,32.24
午高峰,T_16,GYGY,b,T_16 -> N16 -> N30 -> XYST -> N28 -> GYST -> N31 -> N33 -> N61 -> GYGY,20.82
午高峰,T_3,TYST,p,T_3 -> N4 -> N14 -> TYST,106.61
午高峰,T_7,TYGY,b,T_7 -> N32 -> GYST -> N28 -> XYST -> N30 -> N16 -> T_16 -> N15 -> T_2 -> N14 -> N4 -> TYGY,17.49
午高峰,T_25,TYGY,p,T_25 -> N48 -> N49 -> T_7 -> N32 -> GYST -> N29 -> XYST -> N30 -> N16 -> T_16 -> N15 -> T_2 -> N14 -> N4 -> TYGY,17.16
午高峰,T_25,XYST,p,T_25 -> N48 -> N49 -> T_7 -> N32 -> GYST -> N29 -> XYST,23.17
午高峰,T_6,SYJ,b,T_6 -> N44 -> N29 -> XYST -> N12 -> XYGY -> N13 -> SYJ,79.37
午高峰,T_16,GYST,p,T_16 -> N16 -> N30 -> XYST -> N29 -> GYST,35.19
午高峰,T_3,SYJ,p,T_3 -> N5 -> N6 -> T_2 -> N15 -> T_16 -> N16 -> N30 -> XYST -> N12 -> XYGY -> N13 -> SYJ,24.91
午高峰,T_5,SYJ,b,T_5 -> N16 -> N30 -> XYST -> N12 -> XYGY -> N13 -> SYJ,66.11
午高峰,T_4,XYGY,p,T_4 -> N14 -> T_2 -> N15 -> T_16 -> N16 -> N30 -> XYST -> N12 -> XYGY,22.3
午高峰,T_8,TYGY,b,T_8 -> N42 -> T_7 -> N32 -> GYST -> N28 -> XYST -> N30 -> N16 -> T_16 -> N15 -> T_2 -> N14 -> N4 -> TYGY,25.24
午高峰,T_8,GYST,p,T_8 -> N42 -> T_7 -> N32 -> GYST,79.91
午高峰,T_4,SYJ,b,T_4 -> N14 -> T_2 -> N15 -> T_16 -> N16 -> N30 -> XYST -> N12 -> XYGY -> N13 -> SYJ,22.03
午高峰,T_25,XYGY,b,T_25 -> N48 -> N49 -> T_7 -> N32 -> GYST -> N29 -> XYST -> N12 -> XYGY,31.94
午高峰,T_16,CYGY,p,T_16 -> N16 -> N30 -> XYST -> N28 -> CYGY,67.93
午高峰,T_2,XYGY,p,T_2 -> N15 -> T_16 -> N16 -> N30 -> XYST -> N12 -> XYGY,21.25
午高峰,T_6,TYGY,b,T_6 -> N44 -> N29 -> XYST -> N30 -> N16 -> T_16 -> N15 -> T_2 -> N14 -> N4 -> TYGY,23.99
午高峰,T_25,SYJ,c,T_25 -> N48 -> N49 -> T_7 -> N32 -> GYST -> N28 -> XYST -> N12 -> XYGY -> N13 -> SYJ,30.61
午高峰,T_9,TYGY,b,T_9 -> N48 -> N49 -> T_7 -> N32 -> GYST -> N29 -> XYST -> N30 -> N16 -> T_16 -> N15 -> T_2 -> N14 -> N4 -> TYGY,22.92
午高峰,T_10,TYGY,b,T_10 -> N38 -> T_9 -> N48 -> N49 -> T_7 -> N32 -> GYST -> N29 -> XYST -> N30 -> N16 -> T_16 -> N15 -> T_2 -> N14 -> N4 -> TYGY,21.76
午高峰,T_3,XYGY,p,T_3 -> N5 -> N6 -> T_2 -> N15 -> T_16 -> N16 -> N30 -> XYST -> N12 -> XYGY,18.96
午高峰,T_16,XYST,b,T_16 -> N16 -> N30 -> XYST,67.69
午高峰,T_1,TYST,p,T_1 -> N25 -> N26 -> N27 -> T_2 -> N14 -> TYST,73.09
午高峰,T_5,XYST,p,T_5 -> N16 -> N30 -> XYST,63.06
午高峰,T_16,GYGY,p,T_16 -> N16 -> N30 -> XYST -> N29 -> GYST -> N31 -> N33 -> N61 -> GYGY,14.45
午高峰,T_16,XYGY,b,T_16 -> N16 -> N30 -> XYST -> N12 -> XYGY,28.91
午高峰,T_7,XYGY,p,T_7 -> N32 -> GYST -> N29 -> XYST -> N12 -> XYGY,59.92
午高峰,T_9,GYST,p,T_9 -> N48 -> N49 -> T_7 -> N32 -> GYST,45.03
午高峰,T_6,XYST,p,T_6 -> N44 -> N29 -> XYST,54.82
午高峰,T_7,TYGY,p,T_7 -> N32 -> GYST -> N29 -> XYST -> N30 -> N16 -> T_16 -> N15 -> T_2 -> N14 -> N4 -> TYGY,11.13
午高峰,T_6,GYST,p,T_6 -> N44 -> N29 -> GYST,50.68
午高峰,T_7,SYJ,b,T_7 -> N32 -> GYST -> N28 -> XYST -> N12 -> XYGY -> N13 -> SYJ,49.16
午高峰,T_10,GYST,p,T_10 -> N38 -> T_9 -> N48 -> N49 -> T_7 -> N32 -> GYST,21.96
午高峰,T_25,GYGY,b,T_25 -> N48 -> N49 -> T_7 -> N46 -> N33 -> N61 -> GYGY,12.44
午高峰,T_5,XYGY,p,T_5 -> N16 -> N30 -> XYST -> N12 -> XYGY,39.83
午高峰,T_16,TYST,b,T_16 -> N15 -> T_2 -> N14 -> TYST,61.08
午高峰,T_8,XYGY,p,T_8 -> N42 -> T_7 -> N32 -> GYST -> N29 -> XYST -> N12 -> XYGY,45.79
午高峰,T_4,TYGY,b,T_4 -> N4 -> TYGY,59.16
午高峰,T_6,XYGY,p,T_6 -> N44 -> N29 -> XYST -> N12 -> XYGY,46.42
午高峰,T_8,TYGY,p,T_8 -> N42 -> T_7 -> N32 -> GYST -> N29 -> XYST -> N30 -> N16 -> T_16 -> N15 -> T_2 -> N14 -> N4 -> TYGY,16.06
午高峰,T_2,TYGY,b,T_2 -> N14 -> N4 -> TYGY,15.97
午高峰,T_4,SYJ,p,T_4 -> N14 -> T_2 -> N15 -> T_16 -> N16 -> N30 -> XYST -> N12 -> XYGY -> N13 -> SYJ,14.02
午高峰,T_25,XYGY,p,T_25 -> N48 -> N49 -> T_7 -> N32 -> GYST -> N28 -> XYST -> N12 -> XYGY,18.48
午高峰,T_6,TYGY,p,T_6 -> N44 -> N29 -> XYST -> N30 -> N16 -> T_16 -> N15 -> T_2 -> N14 -> N4 -> TYGY,15.27
午高峰,T_4,TYST,b,T_4 -> N14 -> TYST,52.76
午高峰,T_9,TYGY,p,T_9 -> N48 -> N49 -> T_7 -> N32 -> GYST -> N29 -> XYST -> N30 -> N16 -> T_16 -> N15 -> T_2 -> N14 -> N4 -> TYGY,13.73
午高峰,T_7,GYGY,p,T_7 -> N46 -> N33 -> N61 -> GYGY,20.54
午高峰,T_1,XYGY,b,T_1 -> N25 -> N26 -> N27 -> T_2 -> N15 -> T_16 -> N16 -> N30 -> XYST -> N12 -> XYGY,12.8
午高峰,T_8,XYST,p,T_8 -> N42 -> T_7 -> N32 -> GYST -> N28 -> XYST,40.96
午高峰,T_25,GYST,b,T_25 -> N48 -> N49 -> T_7 -> N32 -> GYST,18.62
午高峰,T_3,TYGY,b,T_3 -> N3 -> TYGY,50.31
午高峰,T_4,GYGY,b,T_4 -> N14 -> T_2 -> N15 -> T_16 -> N16 -> N30 -> XYST -> N29 -> GYST -> N31 -> N33 -> N61 -> GYGY,0.83
午高峰,T_9,XYST,p,T_9 -> N48 -> N49 -> T_7 -> N32 -> GYST -> N29 -> XYST,28.13
午高峰,T_10,TYGY,p,T_10 -> N38 -> T_9 -> N48 -> N49 -> T_7 -> N32 -> GYST -> N28 -> XYST -> N30 -> N16 -> T_16 -> N15 -> T_2 -> N14 -> N4 -> TYGY,13.85
午高峰,T_16,SYJ,c,T_16 -> N16 -> N30 -> XYST -> N12 -> XYGY -> N13 -> SYJ,15.95
午高峰,T_2,GYGY,b,T_2 -> N15 -> T_16 -> N16 -> N30 -> XYST -> N29 -> GYST -> N31 -> N33 -> N61 -> GYGY,9.54
午高峰,T_7,XYST,p,T_7 -> N32 -> GYST -> N29 -> XYST,40.54
午高峰,T_2,SYJ,b,T_2 -> N15 -> T_16 -> N16 -> N30 -> XYST -> N12 -> XYGY -> N13 -> SYJ,11.91
午高峰,T_25,CYGY,p,T_25 -> N48 -> N49 -> T_7 -> N32 -> GYST -> N28 -> CYGY,19.01
午高峰,T_2,TYST,b,T_2 -> N14 -> TYST,46.31
午高峰,T_7,GYST,b,T_7 -> N32 -> GYST,45.48
午高峰,T_10,SYJ,c,T_10 -> N38 -> T_9 -> N48 -> N49 -> T_7 -> N32 -> GYST -> N28 -> XYST -> N12 -> XYGY -> N13 -> SYJ,15.58
午高峰,T_9,XYGY,b,T_9 -> N48 -> N49 -> T_7 -> N32 -> GYST -> N29 -> XYST -> N12 -> XYGY,22.5
午高峰,T_1,TYGY,b,T_1 -> N25 -> N26 -> N27 -> T_2 -> N14 -> N4 -> TYGY,12.25
午高峰,T_3,GYGY,b,T_3 -> N5 -> N6 -> T_2 -> N15 -> T_16 -> N16 -> N30 -> XYST -> N28 -> GYST -> N31 -> N33 -> N61 -> GYGY,9.22
午高峰,T_1,XYST,p,T_1 -> N25 -> N26 -> N27 -> T_2 -> N15 -> T_16 -> N16 -> N30 -> XYST,14.78
午高峰,T_9,SYJ,c,T_9 -> N48 -> N49 -> T_7 -> N32 -> GYST -> N29 -> XYST -> N12 -> XYGY -> N13 -> SYJ,21.56
午高峰,T_10,XYGY,b,T_10 -> N38 -> T_9 -> N48 -> N49 -> T_7 -> N32 -> GYST -> N28 -> XYST -> N12 -> XYGY,14.47
午高峰,T_5,TYGY,b,T_5 -> N16 -> T_16 -> N15 -> T_2 -> N14 -> N4 -> TYGY,11.52
午高峰,T_25,GYGY,p,T_25 -> N48 -> N49 -> T_7 -> N46 -> N33 -> N61 -> GYGY,8.58
午高峰,T_5,TYST,p,T_5 -> N16 -> T_16 -> N15 -> T_2 -> N14 -> TYST,38.89
午高峰,T_4,CYGY,p,T_4 -> N14 -> T_2 -> N15 -> T_16 -> N16 -> N30 -> XYST -> N28 -> CYGY,13.38
午高峰,T_3,TYST,b,T_3 -> N4 -> N14 -> TYST,38.07
午高峰,T_10,XYST,b,T_10 -> N38 -> T_9 -> N48 -> N49 -> T_7 -> N32 -> GYST -> N29 -> XYST,13.19
午高峰,T_1,GYGY,b,T_1 -> N25 -> N26 -> N27 -> T_2 -> N15 -> T_16 -> N16 -> N30 -> XYST -> N29 -> GYST -> N31 -> N33 -> N61 -> GYGY,6.1
午高峰,T_2,CYGY,p,T_2 -> N15 -> T_16 -> N16 -> N30 -> XYST -> N28 -> CYGY,12.75
午高峰,T_8,SYJ,c,T_8 -> N42 -> T_7 -> N32 -> GYST -> N28 -> XYST -> N12 -> XYGY -> N13 -> SYJ,24.13
午高峰,T_5,GYST,p,T_5 -> N16 -> N30 -> XYST -> N28 -> GYST,28.16
午高峰,T_25,XYST,b,T_25 -> N48 -> N49 -> T_7 -> N32 -> GYST -> N29 -> XYST,13.0
午高峰,T_1,SYJ,c,T_1 -> N25 -> N26 -> N27 -> T_2 -> N15 -> T_16 -> N16 -> N30 -> XYST -> N12 -> XYGY -> N13 -> SYJ,8.8
午高峰,T_5,GYGY,b,T_5 -> N16 -> N30 -> XYST -> N28 -> GYST -> N31 -> N33 -> N61 -> GYGY,4.01
午高峰,T_16,GYST,b,T_16 -> N16 -> N30 -> XYST -> N29 -> GYST,6.28
午高峰,T_8,GYGY,b,T_8 -> N42 -> T_7 -> N46 -> N33 -> N61 -> GYGY,11.99
午高峰,T_1,XYGY,p,T_1 -> N25 -> N26 -> N27 -> T_2 -> N15 -> T_16 -> N16 -> N30 -> XYST -> N12 -> XYGY,8.15
午高峰,T_6,GYGY,b,T_6 -> N44 -> N29 -> GYST -> N31 -> N33 -> N61 -> GYGY,10.85
午高峰,T_3,CYGY,p,T_3 -> N5 -> N6 -> T_2 -> N15 -> T_16 -> N16 -> N30 -> XYST -> N28 -> CYGY,11.38
午高峰,T_3,XYST,p,T_3 -> N5 -> N6 -> T_2 -> N15 -> T_16 -> N16 -> N30 -> XYST,11.32
午高峰,T_4,GYGY,p,T_4 -> N14 -> T_2 -> N15 -> T_16 -> N16 -> N30 -> XYST -> N28 -> GYST -> N31 -> N33 -> N61 -> GYGY,5.84
午高峰,T_4,XYGY,b,T_4 -> N14 -> T_2 -> N15 -> T_16 -> N16 -> N30 -> XYST -> N12 -> XYGY,7.96
午高峰,T_8,GYST,b,T_8 -> N42 -> T_7 -> N32 -> GYST,23.26
午高峰,T_9,GYGY,b,T_9 -> N48 -> N49 -> T_7 -> N46 -> N33 -> N61 -> GYGY,5.7
午高峰,T_16,CYGY,b,T_16 -> N16 -> N30 -> XYST -> N28 -> CYGY,24.26
午高峰,T_7,CYGY,p,T_7 -> N32 -> GYST -> N28 -> CYGY,30.81
午高峰,T_2,XYST,p,T_2 -> N15 -> T_16 -> N16 -> N30 -> XYST,10.73
午高峰,T_2,XYGY,b,T_2 -> N15 -> T_16 -> N16 -> N30 -> XYST -> N12 -> XYGY,7.59
午高峰,T_2,GYGY,p,T_2 -> N15 -> T_16 -> N16 -> N30 -> XYST -> N29 -> GYST -> N31 -> N33 -> N61 -> GYGY,6.07
午高峰,T_10,GYGY,b,T_10 -> N38 -> T_9 -> N48 -> N49 -> T_7 -> N46 -> N33 -> N61 -> GYGY,4.92
午高峰,T_25,TYGY,c,T_25 -> N48 -> N49 -> T_7 -> N32 -> GYST -> N29 -> XYST -> N30 -> N16 -> T_16 -> N15 -> T_2 -> N14 -> N4 -> TYGY,8.33
午高峰,T_9,XYGY,p,T_9 -> N48 -> N49 -> T_7 -> N32 -> GYST -> N28 -> XYST -> N12 -> XYGY,13.86
午高峰,T_3,GYGY,p,T_3 -> N5 -> N6 -> T_2 -> N15 -> T_16 -> N16 -> N30 -> XYST -> N29 -> GYST -> N31 -> N33 -> N61 -> GYGY,4.97
午高峰,T_3,XYGY,b,T_3 -> N5 -> N6 -> T_2 -> N15 -> T_16 -> N16 -> N30 -> XYST -> N12 -> XYGY,6.77
午高峰,T_16,TYGY,c,T_16 -> N15 -> T_2 -> N14 -> N4 -> TYGY,7.61
午高峰,T_3,SYJ,c,T_3 -> N5 -> N6 -> T_2 -> N15 -> T_16 -> N16 -> N30 -> XYST -> N12 -> XYGY -> N13 -> SYJ,6.67
午高峰,T_10,XYGY,p,T_10 -> N38 -> T_9 -> N48 -> N49 -> T_7 -> N32 -> GYST -> N28 -> XYST -> N12 -> XYGY,9.21
午高峰,T_5,CYGY,p,T_5 -> N16 -> N30 -> XYST -> N28 -> CYGY,20.57
午高峰,T_8,CYGY,p,T_8 -> N42 -> T_7 -> N32 -> GYST -> N28 -> CYGY,19.19
午高峰,T_1,TYST,b,T_1 -> N25 -> N26 -> N27 -> T_2 -> N14 -> TYST,26.1
午高峰,T_5,XYST,b,T_5 -> N16 -> N30 -> XYST,25.12
午高峰,T_25,TYST,b,T_25 -> N48 -> N49 -> T_7 -> N32 -> GYST -> N28 -> XYST -> N30 -> N16 -> T_16 -> N15 -> T_2 -> N14 -> TYST,9.43
午高峰,T_7,XYGY,b,T_7 -> N32 -> GYST -> N29 -> XYST -> N12 -> XYGY,21.83
午高峰,T_9,GYST,b,T_9 -> N48 -> N49 -> T_7 -> N32 -> GYST,16.08
午高峰,T_6,CYGY,p,T_6 -> N44 -> N29 -> N28 -> CYGY,12.43
午高峰,T_6,XYST,b,T_6 -> N44 -> N29 -> XYST,20.8
午高峰,T_10,XYST,p,T_10 -> N38 -> T_9 -> N48 -> N49 -> T_7 -> N32 -> GYST -> N28 -> XYST,8.4
午高峰,T_9,CYGY,p,T_9 -> N48 -> N49 -> T_7 -> N32 -> GYST -> N28 -> CYGY,15.05
午高峰,T_1,GYGY,p,T_1 -> N25 -> N26 -> N27 -> T_2 -> N15 -> T_16 -> N16 -> N30 -> XYST -> N29 -> GYST -> N31 -> N33 -> N61 -> GYGY,3.88
午高峰,T_6,GYST,b,T_6 -> N44 -> N29 -> GYST,18.87
午高峰,T_1,GYST,b,T_1 -> N25 -> N26 -> N27 -> T_2 -> N15 -> T_16 -> N16 -> N30 -> XYST -> N28 -> GYST,6.0
午高峰,T_10,GYST,b,T_10 -> N38 -> T_9 -> N48 -> N49 -> T_7 -> N32 -> GYST,7.84
午高峰,T_1,CYGY,b,T_1 -> N25 -> N26 -> N27 -> T_2 -> N15 -> T_16 -> N16 -> N30 -> XYST -> N28 -> CYGY,7.68
午高峰,T_5,XYGY,b,T_5 -> N16 -> N30 -> XYST -> N12 -> XYGY,16.41
午高峰,T_5,GYGY,p,T_5 -> N16 -> N30 -> XYST -> N29 -> GYST -> N31 -> N33 -> N61 -> GYGY,3.65
午高峰,T_8,GYGY,p,T_8 -> N42 -> T_7 -> N46 -> N33 -> N61 -> GYGY,8.0
午高峰,T_8,XYGY,b,T_8 -> N42 -> T_7 -> N32 -> GYST -> N28 -> XYST -> N12 -> XYGY,14.17
午高峰,T_3,GYST,p,T_3 -> N5 -> N6 -> T_2 -> N15 -> T_16 -> N16 -> N30 -> XYST -> N29 -> GYST,7.63
午高峰,T_4,XYST,p,T_4 -> N14 -> T_2 -> N15 -> T_16 -> N16 -> N30 -> XYST,7.32
午高峰,T_6,GYGY,p,T_6 -> N44 -> N29 -> GYST -> N31 -> N33 -> N61 -> GYGY,8.29
午高峰,T_6,XYGY,b,T_6 -> N44 -> N29 -> XYST -> N12 -> XYGY,16.58
午高峰,T_16,GYGY,c,T_16 -> N16 -> N30 -> XYST -> N29 -> GYST -> N31 -> N33 -> N61 -> GYGY,2.06
午高峰,T_9,GYGY,p,T_9 -> N48 -> N49 -> T_7 -> N46 -> N33 -> N61 -> GYGY,3.96
午高峰,T_6,SYJ,c,T_6 -> N44 -> N29 -> XYST -> N12 -> XYGY -> N13 -> SYJ,15.23
午高峰,T_7,TYGY,c,T_7 -> N32 -> GYST -> N28 -> XYST -> N30 -> N16 -> T_16 -> N15 -> T_2 -> N14 -> N4 -> TYGY,5.4
午高峰,T_10,GYGY,p,T_10 -> N38 -> T_9 -> N48 -> N49 -> T_7 -> N46 -> N33 -> N61 -> GYGY,3.45
午高峰,T_5,SYJ,c,T_5 -> N16 -> N30 -> XYST -> N12 -> XYGY -> N13 -> SYJ,14.14
午高峰,T_7,GYGY,b,T_7 -> N46 -> N33 -> N61 -> GYGY,10.09
午高峰,T_8,XYST,b,T_8 -> N42 -> T_7 -> N32 -> GYST -> N29 -> XYST,11.58
午高峰,T_9,XYST,b,T_9 -> N48 -> N49 -> T_7 -> N32 -> GYST -> N28 -> XYST,10.64
午高峰,T_10,CYGY,b,T_10 -> N38 -> T_9 -> N48 -> N49 -> T_7 -> N32 -> GYST -> N28 -> CYGY,6.2
午高峰,T_2,GYST,p,T_2 -> N15 -> T_16 -> N16 -> N30 -> XYST -> N28 -> GYST,2.6
午高峰,T_7,XYST,b,T_7 -> N32 -> GYST -> N29 -> XYST,14.19
午高峰,T_25,CYGY,b,T_25 -> N48 -> N49 -> T_7 -> N32 -> GYST -> N28 -> CYGY,6.22
午高峰,T_25,TYST,p,T_25 -> N48 -> N49 -> T_7 -> N32 -> GYST -> N29 -> XYST -> N30 -> N16 -> T_16 -> N15 -> T_2 -> N14 -> TYST,5.73
午高峰,T_8,TYGY,c,T_8 -> N42 -> T_7 -> N32 -> GYST -> N29 -> XYST -> N30 -> N16 -> T_16 -> N15 -> T_2 -> N14 -> N4 -> TYGY,4.59
午高峰,T_4,SYJ,c,T_4 -> N14 -> T_2 -> N15 -> T_16 -> N16 -> N30 -> XYST -> N12 -> XYGY -> N13 -> SYJ,4.01
午高峰,T_25,XYGY,c,T_25 -> N48 -> N49 -> T_7 -> N32 -> GYST -> N28 -> XYST -> N12 -> XYGY,5.54
午高峰,T_6,TYGY,c,T_6 -> N44 -> N29 -> XYST -> N30 -> N16 -> T_16 -> N15 -> T_2 -> N14 -> N4 -> TYGY,4.36
午高峰,T_1,XYST,b,T_1 -> N25 -> N26 -> N27 -> T_2 -> N15 -> T_16 -> N16 -> N30 -> XYST,5.28
午高峰,T_16,XYST,c,T_16 -> N16 -> N30 -> XYST,13.29
午高峰,T_9,TYGY,c,T_9 -> N48 -> N49 -> T_7 -> N32 -> GYST -> N28 -> XYST -> N30 -> N16 -> T_16 -> N15 -> T_2 -> N14 -> N4 -> TYGY,3.92
午高峰,T_16,XYGY,c,T_16 -> N16 -> N30 -> XYST -> N12 -> XYGY,6.02
午高峰,T_1,GYST,p,T_1 -> N25 -> N26 -> N27 -> T_2 -> N15 -> T_16 -> N16 -> N30 -> XYST -> N28 -> GYST,2.15
午高峰,T_10,TYST,b,T_10 -> N38 -> T_9 -> N48 -> N49 -> T_7 -> N32 -> GYST -> N29 -> XYST -> N30 -> N16 -> T_16 -> N15 -> T_2 -> N14 -> TYST,4.74
午高峰,T_1,CYGY,p,T_1 -> N25 -> N26 -> N27 -> T_2 -> N15 -> T_16 -> N16 -> N30 -> XYST -> N28 -> CYGY,4.89
午高峰,T_10,TYGY,c,T_10 -> N38 -> T_9 -> N48 -> N49 -> T_7 -> N32 -> GYST -> N29 -> XYST -> N30 -> N16 -> T_16 -> N15 -> T_2 -> N14 -> N4 -> TYGY,3.72
午高峰,T_5,TYST,b,T_5 -> N16 -> T_16 -> N15 -> T_2 -> N14 -> TYST,13.89
午高峰,T_4,CYGY,b,T_4 -> N14 -> T_2 -> N15 -> T_16 -> N16 -> N30 -> XYST -> N28 -> CYGY,4.78
午高峰,T_4,GYST,p,T_4 -> N14 -> T_2 -> N15 -> T_16 -> N16 -> N30 -> XYST -> N28 -> GYST,2.02
午高峰,T_2,CYGY,b,T_2 -> N15 -> T_16 -> N16 -> N30 -> XYST -> N28 -> CYGY,4.34
午高峰,T_9,TYST,b,T_9 -> N48 -> N49 -> T_7 -> N32 -> GYST -> N28 -> XYST -> N30 -> N16 -> T_16 -> N15 -> T_2 -> N14 -> TYST,6.43
午高峰,T_5,GYST,b,T_5 -> N16 -> N30 -> XYST -> N28 -> GYST,2.35
午高峰,T_7,SYJ,c,T_7 -> N32 -> GYST -> N28 -> XYST -> N12 -> XYGY -> N13 -> SYJ,7.91
午高峰,T_16,TYST,c,T_16 -> N15 -> T_2 -> N14 -> TYST,12.22
午高峰,T_4,TYGY,c,T_4 -> N4 -> TYGY,11.83
午高峰,T_3,CYGY,b,T_3 -> N5 -> N6 -> T_2 -> N15 -> T_16 -> N16 -> N30 -> XYST -> N28 -> CYGY,3.87
午高峰,T_3,XYST,b,T_3 -> N5 -> N6 -> T_2 -> N15 -> T_16 -> N16 -> N30 -> XYST,3.85
午高峰,T_25,GYGY,c,T_25 -> N48 -> N49 -> T_7 -> N46 -> N33 -> N61 -> GYGY,2.07
午高峰,T_10,CYGY,p,T_10 -> N38 -> T_9 -> N48 -> N49 -> T_7 -> N32 -> GYST -> N28 -> CYGY,3.76
午高峰,T_2,TYGY,c,T_2 -> N14 -> N4 -> TYGY,3.01
午高峰,T_7,CYGY,b,T_7 -> N32 -> GYST -> N28 -> CYGY,11.0
午高峰,T_2,XYST,b,T_2 -> N15 -> T_16 -> N16 -> N30 -> XYST,3.65
午高峰,T_6,TYST,b,T_6 -> N44 -> N29 -> XYST -> N30 -> N16 -> T_16 -> N15 -> T_2 -> N14 -> TYST,6.57
午高峰,T_4,TYST,c,T_4 -> N14 -> TYST,10.55
午高峰,T_8,TYST,b,T_8 -> N42 -> T_7 -> N32 -> GYST -> N29 -> XYST -> N30 -> N16 -> T_16 -> N15 -> T_2 -> N14 -> TYST,5.27
午高峰,T_25,GYST,c,T_25 -> N48 -> N49 -> T_7 -> N32 -> GYST,3.72
午高峰,T_3,TYGY,c,T_3 -> N3 -> TYGY,10.06
午高峰,T_2,SYJ,c,T_2 -> N15 -> T_16 -> N16 -> N30 -> XYST -> N12 -> XYGY -> N13 -> SYJ,2.38
午高峰,T_5,CYGY,b,T_5 -> N16 -> N30 -> XYST -> N28 -> CYGY,7.35
午高峰,T_8,CYGY,b,T_8 -> N42 -> T_7 -> N32 -> GYST -> N28 -> CYGY,7.32
午高峰,T_1,XYGY,c,T_1 -> N25 -> N26 -> N27 -> T_2 -> N15 -> T_16 -> N16 -> N30 -> XYST -> N12 -> XYGY,2.33
午高峰,T_2,TYST,c,T_2 -> N14 -> TYST,9.26
午高峰,T_4,GYGY,c,T_4 -> N14 -> T_2 -> N15 -> T_16 -> N16 -> N30 -> XYST -> N28 -> GYST -> N31 -> N33 -> N61 -> GYGY,0.46
午高峰,T_7,GYST,c,T_7 -> N32 -> GYST,9.1
午高峰,T_10,TYST,p,T_10 -> N38 -> T_9 -> N48 -> N49 -> T_7 -> N32 -> GYST -> N29 -> XYST -> N30 -> N16 -> T_16 -> N15 -> T_2 -> N14 -> TYST,3.02
午高峰,T_6,CYGY,b,T_6 -> N44 -> N29 -> N28 -> CYGY,4.44
午高峰,T_2,GYGY,c,T_2 -> N15 -> T_16 -> N16 -> N30 -> XYST -> N29 -> GYST -> N31 -> N33 -> N61 -> GYGY,0.87
午高峰,T_1,TYGY,c,T_1 -> N25 -> N26 -> N27 -> T_2 -> N14 -> N4 -> TYGY,2.31
午高峰,T_9,CYGY,b,T_9 -> N48 -> N49 -> T_7 -> N32 -> GYST -> N28 -> CYGY,5.37
午高峰,T_9,TYST,p,T_9 -> N48 -> N49 -> T_7 -> N32 -> GYST -> N29 -> XYST -> N30 -> N16 -> T_16 -> N15 -> T_2 -> N14 -> TYST,4.64
午高峰,T_5,TYGY,c,T_5 -> N16 -> T_16 -> N15 -> T_2 -> N14 -> N4 -> TYGY,2.17
午高峰,T_9,XYGY,c,T_9 -> N48 -> N49 -> T_7 -> N32 -> GYST -> N29 -> XYST -> N12 -> XYGY,4.49
午高峰,T_3,GYST,b,T_3 -> N5 -> N6 -> T_2 -> N15 -> T_16 -> N16 -> N30 -> XYST -> N28 -> GYST,0.52
午高峰,T_3,GYGY,c,T_3 -> N5 -> N6 -> T_2 -> N15 -> T_16 -> N16 -> N30 -> XYST -> N29 -> GYST -> N31 -> N33 -> N61 -> GYGY,0.9
午高峰,T_3,TYST,c,T_3 -> N4 -> N14 -> TYST,7.61
午高峰,T_10,XYGY,c,T_10 -> N38 -> T_9 -> N48 -> N49 -> T_7 -> N32 -> GYST -> N28 -> XYST -> N12 -> XYGY,2.51
午高峰,T_4,XYST,b,T_4 -> N14 -> T_2 -> N15 -> T_16 -> N16 -> N30 -> XYST,2.49
午高峰,T_25,XYST,c,T_25 -> N48 -> N49 -> T_7 -> N32 -> GYST -> N29 -> XYST,2.48
午高峰,T_7,TYST,b,T_7 -> N32 -> GYST -> N28 -> XYST -> N30 -> N16 -> T_16 -> N15 -> T_2 -> N14 -> TYST,5.09
午高峰,T_16,GYST,c,T_16 -> N16 -> N30 -> XYST -> N28 -> GYST,3.08
午高峰,T_10,XYST,c,T_10 -> N38 -> T_9 -> N48 -> N49 -> T_7 -> N32 -> GYST -> N28 -> XYST,1.37
午高峰,T_6,TYST,p,T_6 -> N44 -> N29 -> XYST -> N30 -> N16 -> T_16 -> N15 -> T_2 -> N14 -> TYST,4.18
午高峰,T_8,TYST,p,T_8 -> N42 -> T_7 -> N32 -> GYST -> N29 -> XYST -> N30 -> N16 -> T_16 -> N15 -> T_2 -> N14 -> TYST,2.68
午高峰,T_1,GYGY,c,T_1 -> N25 -> N26 -> N27 -> T_2 -> N15 -> T_16 -> N16 -> N30 -> XYST -> N29 -> GYST -> N31 -> N33 -> N61 -> GYGY,0.78
午高峰,T_4,XYGY,c,T_4 -> N14 -> T_2 -> N15 -> T_16 -> N16 -> N30 -> XYST -> N12 -> XYGY,1.59
午高峰,T_8,GYST,c,T_8 -> N42 -> T_7 -> N32 -> GYST,4.12
午高峰,T_5,GYGY,c,T_5 -> N16 -> N30 -> XYST -> N28 -> GYST -> N31 -> N33 -> N61 -> GYGY,1.77
午高峰,T_8,GYGY,c,T_8 -> N42 -> T_7 -> N46 -> N33 -> N61 -> GYGY,3.43
午高峰,T_16,CYGY,c,T_16 -> N16 -> N30 -> XYST -> N28 -> CYGY,4.85
午高峰,T_2,GYST,b,T_2 -> N15 -> T_16 -> N16 -> N30 -> XYST -> N29 -> GYST,2.06
午高峰,T_2,XYGY,c,T_2 -> N15 -> T_16 -> N16 -> N30 -> XYST -> N12 -> XYGY,1.52
午高峰,T_6,GYGY,c,T_6 -> N44 -> N29 -> GYST -> N31 -> N33 -> N61 -> GYGY,2.27
午高峰,T_9,GYGY,c,T_9 -> N48 -> N49 -> T_7 -> N46 -> N33 -> N61 -> GYGY,0.94
午高峰,T_3,XYGY,c,T_3 -> N5 -> N6 -> T_2 -> N15 -> T_16 -> N16 -> N30 -> XYST -> N12 -> XYGY,1.35
午高峰,T_10,GYGY,c,T_10 -> N38 -> T_25 -> N48 -> N49 -> T_7 -> N46 -> N33 -> N61 -> GYGY,0.98
午高峰,T_1,TYST,c,T_1 -> N25 -> N26 -> N27 -> T_2 -> N14 -> TYST,5.22
午高峰,T_5,XYST,c,T_5 -> N16 -> N30 -> XYST,4.94
午高峰,T_7,XYGY,c,T_7 -> N32 -> GYST -> N29 -> XYST -> N12 -> XYGY,3.0
午高峰,T_9,GYST,c,T_9 -> N48 -> N49 -> T_7 -> N32 -> GYST,3.22
午高峰,T_6,XYST,c,T_6 -> N44 -> N29 -> XYST,3.83
午高峰,T_4,GYST,b,T_4 -> N14 -> T_2 -> N15 -> T_16 -> N16 -> N30 -> XYST -> N28 -> GYST,0.96
午高峰,T_25,TYST,c,T_25 -> N48 -> N49 -> T_7 -> N32 -> GYST -> N28 -> XYST -> N30 -> N16 -> T_16 -> N15 -> T_2 -> N14 -> TYST,1.64
午高峰,T_6,GYST,c,T_6 -> N44 -> N29 -> GYST,3.77
午高峰,T_10,GYST,c,T_10 -> N38 -> T_9 -> N48 -> N49 -> T_7 -> N32 -> GYST,1.05
午高峰,T_7,TYST,p,T_7 -> N32 -> GYST -> N29 -> XYST -> N30 -> N16 -> T_16 -> N15 -> T_2 -> N14 -> TYST,3.39
午高峰,T_5,XYGY,c,T_5 -> N16 -> N30 -> XYST -> N12 -> XYGY,3.21
午高峰,T_8,XYGY,c,T_8 -> N42 -> T_7 -> N32 -> GYST -> N29 -> XYST -> N12 -> XYGY,3.34
午高峰,T_6,XYGY,c,T_6 -> N44 -> N29 -> XYST -> N12 -> XYGY,3.45
午高峰,T_1,GYST,c,T_1 -> N25 -> N26 -> N27 -> T_2 -> N15 -> T_16 -> N16 -> N30 -> XYST -> N28 -> GYST,1.02
午高峰,T_1,CYGY,c,T_1 -> N25 -> N26 -> N27 -> T_2 -> N15 -> T_16 -> N16 -> N30 -> XYST -> N28 -> CYGY,1.33
午高峰,T_7,GYGY,c,T_7 -> N46 -> N33 -> N61 -> GYGY,2.2
午高峰,T_8,XYST,c,T_8 -> N42 -> T_7 -> N32 -> GYST -> N28 -> XYST,1.95
午高峰,T_9,XYST,c,T_9 -> N48 -> N49 -> T_7 -> N32 -> GYST -> N28 -> XYST,1.89
午高峰,T_7,XYST,c,T_7 -> N32 -> GYST -> N29 -> XYST,2.5
午高峰,T_25,CYGY,c,T_25 -> N48 -> N49 -> T_7 -> N32 -> GYST -> N28 -> CYGY,1.3
午高峰,T_10,CYGY,c,T_10 -> N38 -> T_9 -> N48 -> N49 -> T_7 -> N32 -> GYST -> N28 -> CYGY,0.54
午高峰,T_1,XYST,c,T_1 -> N25 -> N26 -> N27 -> T_2 -> N15 -> T_16 -> N16 -> N30 -> XYST,1.01
午高峰,T_5,TYST,c,T_5 -> N16 -> T_16 -> N15 -> T_2 -> N14 -> TYST,2.78
午高峰,T_4,CYGY,c,T_4 -> N14 -> T_2 -> N15 -> T_16 -> N16 -> N30 -> XYST -> N28 -> CYGY,0.91
午高峰,T_2,CYGY,c,T_2 -> N15 -> T_16 -> N16 -> N30 -> XYST -> N28 -> CYGY,0.87
午高峰,T_10,TYST,c,T_10 -> N38 -> T_25 -> N48 -> N49 -> T_7 -> N32 -> GYST -> N29 -> XYST -> N30 -> N16 -> T_16 -> N15 -> T_2 -> N14 -> TYST,0.39
午高峰,T_5,GYST,c,T_5 -> N16 -> N30 -> XYST -> N29 -> GYST,1.03
午高峰,T_9,TYST,c,T_9 -> N48 -> N49 -> T_7 -> N32 -> GYST -> N28 -> XYST -> N30 -> N16 -> T_16 -> N15 -> T_2 -> N14 -> TYST,1.13
午高峰,T_3,CYGY,c,T_3 -> N5 -> N6 -> T_2 -> N15 -> T_16 -> N16 -> N30 -> XYST -> N28 -> CYGY,0.77
午高峰,T_3,XYST,c,T_3 -> N5 -> N6 -> T_2 -> N15 -> T_16 -> N16 -> N30 -> XYST,0.77
午高峰,T_7,CYGY,c,T_7 -> N32 -> GYST -> N28 -> CYGY,2.2
午高峰,T_2,XYST,c,T_2 -> N15 -> T_16 -> N16 -> N30 -> XYST,0.73
午高峰,T_6,TYST,c,T_6 -> N44 -> N29 -> XYST -> N30 -> N16 -> T_16 -> N15 -> T_2 -> N14 -> TYST,1.2
午高峰,T_8,TYST,c,T_8 -> N42 -> T_7 -> N32 -> GYST -> N29 -> XYST -> N30 -> N16 -> T_16 -> N15 -> T_2 -> N14 -> TYST,1.09
午高峰,T_5,CYGY,c,T_5 -> N16 -> N30 -> XYST -> N28 -> CYGY,1.47
午高峰,T_8,CYGY,c,T_8 -> N42 -> T_7 -> N32 -> GYST -> N28 -> CYGY,1.28
午高峰,T_6,CYGY,c,T_6 -> N44 -> N29 -> N28 -> CYGY,0.89
午高峰,T_9,CYGY,c,T_9 -> N48 -> N49 -> T_7 -> N32 -> GYST -> N28 -> CYGY,1.07
午高峰,T_3,GYST,c,T_3 -> N5 -> N6 -> T_2 -> N15 -> T_16 -> N16 -> N30 -> XYST -> N29 -> GYST,0.52
午高峰,T_4,XYST,c,T_4 -> N14 -> T_2 -> N15 -> T_16 -> N16 -> N30 -> XYST,0.5
午高峰,T_7,TYST,c,T_7 -> N32 -> GYST -> N29 -> XYST -> N30 -> N16 -> T_16 -> N15 -> T_2 -> N14 -> TYST,1.26
午高峰,T_2,GYST,c,T_2 -> N15 -> T_16 -> N16 -> N30 -> XYST -> N29 -> GYST,0.35
午高峰,T_4,GYST,c,T_4 -> N14 -> T_2 -> N15 -> T_16 -> N16 -> N30 -> XYST -> N29 -> GYST,0.32
午高峰,T_25,SYJ,b,T_25 -> N48 -> N49 -> T_7 -> N32 -> GYST -> N29 -> XYST -> N12 -> XYGY -> N13 -> SYJ,68.87
午高峰,T_25,SYJ,p,T_25 -> N48 -> N49 -> T_7 -> N32 -> GYST -> N28 -> XYST -> N12 -> XYGY -> N13 -> SYJ,58.43
午高峰,T_10,SYJ,b,T_10 -> N38 -> T_9 -> N48 -> N49 -> T_7 -> N32 -> GYST -> N28 -> XYST -> N12 -> XYGY -> N13 -> SYJ,32.65
午高峰,T_9,SYJ,b,T_9 -> N48 -> N49 -> T_7 -> N32 -> GYST -> N28 -> XYST -> N12 -> XYGY -> N13 -> SYJ,72.69
午高峰,T_8,SYJ,b,T_8 -> N42 -> T_7 -> N32 -> GYST -> N29 -> XYST -> N12 -> XYGY -> N13 -> SYJ,72.99
午高峰,T_7,SYJ,p,T_7 -> N32 -> GYST -> N28 -> XYST -> N12 -> XYGY -> N13 -> SYJ,92.76
午高峰,T_8,SYJ,p,T_8 -> N42 -> T_7 -> N32 -> GYST -> N28 -> XYST -> N12 -> XYGY -> N13 -> SYJ,42.23
午高峰,T_16,GYGY,b,T_16 -> N16 -> N30 -> XYST -> N29 -> GYST -> N31 -> N33 -> N61 -> GYGY,22.71
午高峰,T_7,TYGY,b,T_7 -> N32 -> GYST -> N29 -> XYST -> N30 -> N16 -> T_16 -> N15 -> T_2 -> N14 -> N4 -> TYGY,12.24
午高峰,T_25,TYGY,p,T_25 -> N48 -> N49 -> T_7 -> N32 -> GYST -> N28 -> XYST -> N30 -> N16 -> T_16 -> N15 -> T_2 -> N14 -> N4 -> TYGY,12.01
午高峰,T_25,XYST,p,T_25 -> N48 -> N49 -> T_7 -> N32 -> GYST -> N28 -> XYST,13.24
午高峰,T_16,GYST,p,T_16 -> N16 -> N30 -> XYST -> N28 -> GYST,39.99
午高峰,T_16,GYGY,p,T_16 -> N16 -> N30 -> XYST -> N28 -> GYST -> N31 -> N33 -> N61 -> GYGY,20.48
午高峰,T_7,TYGY,p,T_7 -> N32 -> GYST -> N28 -> XYST -> N30 -> N16 -> T_16 -> N15 -> T_2 -> N14 -> N4 -> TYGY,7.79
午高峰,T_25,XYGY,p,T_25 -> N48 -> N49 -> T_7 -> N32 -> GYST -> N29 -> XYST -> N12 -> XYGY,4.62
午高峰,T_9,TYGY,p,T_9 -> N48 -> N49 -> T_7 -> N32 -> GYST -> N28 -> XYST -> N30 -> N16 -> T_16 -> N15 -> T_2 -> N14 -> N4 -> TYGY,0.86
午高峰,T_4,GYGY,b,T_4 -> N14 -> T_2 -> N15 -> T_16 -> N16 -> N30 -> XYST -> N28 -> GYST -> N31 -> N33 -> N61 -> GYGY,7.51
午高峰,T_5,GYGY,b,T_5 -> N16 -> N30 -> XYST -> N29 -> GYST -> N31 -> N33 -> N61 -> GYGY,6.88
午高峰,T_16,GYST,b,T_16 -> N16 -> N30 -> XYST -> N28 -> GYST,20.56
午高峰,T_4,GYGY,c,T_4 -> N14 -> T_2 -> N15 -> T_16 -> N16 -> N30 -> XYST -> N29 -> GYST -> N31 -> N33 -> N61 -> GYGY,1.52
午高峰,T_2,GYGY,c,T_2 -> N15 -> T_16 -> N16 -> N30 -> XYST -> N28 -> GYST -> N31 -> N33 -> N61 -> GYGY,0.58
午高峰,T_10,XYST,c,T_10 -> N38 -> T_9 -> N48 -> N49 -> T_7 -> N32 -> GYST -> N29 -> XYST,0.91
午高峰,T_8,TYST,p,T_8 -> N42 -> T_7 -> N32 -> GYST -> N28 -> XYST -> N30 -> N16 -> T_16 -> N15 -> T_2 -> N14 -> TYST,1.57
午高峰,T_7,XYGY,c,T_7 -> N32 -> GYST -> N28 -> XYST -> N12 -> XYGY,2.14
午高峰,T_8,XYGY,c,T_8 -> N42 -> T_7 -> N32 -> GYST -> N28 -> XYST -> N12 -> XYGY,1.02
午高峰,T_8,XYST,c,T_8 -> N42 -> T_7 -> N32 -> GYST -> N29 -> XYST,0.3
午高峰,T_10,CYGY,c,T_10 -> N38 -> T_25 -> N48 -> N49 -> T_7 -> N32 -> GYST -> N28 -> CYGY,0.59
午高峰,T_3,GYST,b,T_3 -> N5 -> N6 -> T_2 -> N15 -> T_16 -> N16 -> N30 -> XYST -> N29 -> GYST,2.08
午高峰,T_3,GYGY,c,T_3 -> N5 -> N6 -> T_2 -> N15 -> T_16 -> N16 -> N30 -> XYST -> N28 -> GYST -> N31 -> N33 -> N61 -> GYGY,0.52
午高峰,T_16,GYST,c,T_16 -> N16 -> N30 -> XYST -> N29 -> GYST,2.28
午高峰,T_1,GYGY,c,T_1 -> N25 -> N26 -> N27 -> T_2 -> N15 -> T_16 -> N16 -> N30 -> XYST -> N28 -> GYST -> N31 -> N33 -> N61 -> GYGY,0.33
午高峰,T_5,GYGY,c,T_5 -> N16 -> N30 -> XYST -> N29 -> GYST -> N31 -> N33 -> N61 -> GYGY,0.31
午高峰,T_10,TYST,c,T_10 -> N38 -> T_9 -> N48 -> N49 -> T_7 -> N32 -> GYST -> N29 -> XYST -> N30 -> N16 -> T_16 -> N15 -> T_2 -> N14 -> TYST,0.52
午高峰,T_16,GYGY,c,T_16 -> N16 -> N30 -> XYST -> N28 -> GYST -> N31 -> N33 -> N61 -> GYGY,5.16
午高峰,T_2,GYST,p,T_2 -> N15 -> T_16 -> N16 -> N30 -> XYST -> N29 -> GYST,3.46
午高峰,T_1,GYST,p,T_1 -> N25 -> N26 -> N27 -> T_2 -> N15 -> T_16 -> N16 -> N30 -> XYST -> N29 -> GYST,1.43
午高峰,T_4,GYST,p,T_4 -> N14 -> T_2 -> N15 -> T_16 -> N16 -> N30 -> XYST -> N29 -> GYST,2.47
午高峰,T_5,GYST,b,T_5 -> N16 -> N30 -> XYST -> N29 -> GYST,7.7
午高峰,T_4,GYST,b,T_4 -> N14 -> T_2 -> N15 -> T_16 -> N16 -> N30 -> XYST -> N29 -> GYST,0.64
午高峰,T_10,GYST,c,T_10 -> N38 -> T_25 -> N48 -> N49 -> T_7 -> N32 -> GYST,0.45
午高峰,T_7,GYGY,c,T_7 -> N46 -> N33 -> N60 -> N61 -> GYGY,1.47
午高峰,T_16,GYGY,b,T_16 -> N16 -> N30 -> XYST -> N29 -> GYST -> N31 -> N33 -> N60 -> N61 -> GYGY,24.61
午高峰,T_16,GYGY,p,T_16 -> N16 -> N30 -> XYST -> N28 -> GYST -> N31 -> N33 -> N60 -> N61 -> GYGY,9.64
午高峰,T_25,GYGY,b,T_25 -> N48 -> N49 -> T_7 -> N46 -> N33 -> N60 -> N61 -> GYGY,11.41
午高峰,T_7,GYGY,p,T_7 -> N46 -> N33 -> N60 -> N61 -> GYGY,30.81
午高峰,T_4,GYGY,b,T_4 -> N14 -> T_2 -> N15 -> T_16 -> N16 -> N30 -> XYST -> N28 -> GYST -> N31 -> N33 -> N60 -> N61 -> GYGY,5.01
午高峰,T_2,GYGY,b,T_2 -> N15 -> T_16 -> N16 -> N30 -> XYST -> N29 -> GYST -> N31 -> N33 -> N60 -> N61 -> GYGY,7.15
午高峰,T_3,GYGY,b,T_3 -> N5 -> N6 -> T_2 -> N15 -> T_16 -> N16 -> N30 -> XYST -> N28 -> GYST -> N31 -> N33 -> N60 -> N61 -> GYGY,5.68
午高峰,T_25,GYGY,p,T_25 -> N48 -> N49 -> T_7 -> N46 -> N33 -> N60 -> N61 -> GYGY,5.94
午高峰,T_1,GYGY,b,T_1 -> N25 -> N26 -> N27 -> T_2 -> N15 -> T_16 -> N16 -> N30 -> XYST -> N29 -> GYST -> N31 -> N33 -> N60 -> N61 -> GYGY,3.66
午高峰,T_5,GYGY,b,T_5 -> N16 -> N30 -> XYST -> N28 -> GYST -> N31 -> N33 -> N60 -> N61 -> GYGY,3.44
午高峰,T_8,GYGY,b,T_8 -> N42 -> T_7 -> N46 -> N33 -> N60 -> N61 -> GYGY,11.42
午高峰,T_6,GYGY,b,T_6 -> N44 -> N29 -> GYST -> N31 -> N33 -> N60 -> N61 -> GYGY,14.65
午高峰,T_4,GYGY,p,T_4 -> N14 -> T_2 -> N15 -> T_16 -> N16 -> N30 -> XYST -> N28 -> GYST -> N31 -> N33 -> N60 -> N61 -> GYGY,5.31
午高峰,T_9,GYGY,b,T_9 -> N48 -> N49 -> T_7 -> N46 -> N33 -> N60 -> N61 -> GYGY,3.11
午高峰,T_2,GYGY,p,T_2 -> N15 -> T_16 -> N16 -> N30 -> XYST -> N29 -> GYST -> N31 -> N33 -> N60 -> N61 -> GYGY,4.55
午高峰,T_10,GYGY,b,T_10 -> N38 -> T_9 -> N48 -> N49 -> T_7 -> N46 -> N33 -> N60 -> N61 -> GYGY,3.45
午高峰,T_3,GYGY,p,T_3 -> N5 -> N6 -> T_2 -> N15 -> T_16 -> N16 -> N30 -> XYST -> N29 -> GYST -> N31 -> N33 -> N60 -> N61 -> GYGY,4.51
午高峰,T_1,GYGY,p,T_1 -> N25 -> N26 -> N27 -> T_2 -> N15 -> T_16 -> N16 -> N30 -> XYST -> N29 -> GYST -> N31 -> N33 -> N60 -> N61 -> GYGY,2.33
午高峰,T_5,GYGY,p,T_5 -> N16 -> N30 -> XYST -> N29 -> GYST -> N31 -> N33 -> N60 -> N61 -> GYGY,2.19
午高峰,T_8,GYGY,p,T_8 -> N42 -> T_7 -> N46 -> N33 -> N60 -> N61 -> GYGY,8.0
午高峰,T_6,GYGY,p,T_6 -> N44 -> N29 -> GYST -> N31 -> N33 -> N60 -> N61 -> GYGY,8.63
午高峰,T_16,GYGY,c,T_16 -> N16 -> N30 -> XYST -> N28 -> GYST -> N31 -> N33 -> N60 -> N61 -> GYGY,7.23
午高峰,T_9,GYGY,p,T_9 -> N48 -> N49 -> T_7 -> N46 -> N33 -> N60 -> N61 -> GYGY,1.65
午高峰,T_10,GYGY,p,T_10 -> N38 -> T_9 -> N48 -> N49 -> T_7 -> N46 -> N33 -> N60 -> N61 -> GYGY,1.88
午高峰,T_7,GYGY,b,T_7 -> N46 -> N33 -> N60 -> N61 -> GYGY,8.25
午高峰,T_25,GYGY,c,T_25 -> N48 -> N49 -> T_7 -> N46 -> N33 -> N60 -> N61 -> GYGY,1.89
午高峰,T_4,GYGY,c,T_4 -> N14 -> T_2 -> N15 -> T_16 -> N16 -> N30 -> XYST -> N29 -> GYST -> N31 -> N33 -> N60 -> N61 -> GYGY,1.06
午高峰,T_2,GYGY,c,T_2 -> N15 -> T_16 -> N16 -> N30 -> XYST -> N29 -> GYST -> N31 -> N33 -> N60 -> N61 -> GYGY,1.16
午高峰,T_3,GYGY,c,T_3 -> N5 -> N6 -> T_2 -> N15 -> T_16 -> N16 -> N30 -> XYST -> N29 -> GYST -> N31 -> N33 -> N60 -> N61 -> GYGY,1.03
午高峰,T_1,GYGY,c,T_1 -> N25 -> N26 -> N27 -> T_2 -> N15 -> T_16 -> N16 -> N30 -> XYST -> N29 -> GYST -> N31 -> N33 -> N60 -> N61 -> GYGY,0.33
午高峰,T_5,GYGY,c,T_5 -> N16 -> N30 -> XYST -> N28 -> GYST -> N31 -> N33 -> N60 -> N61 -> GYGY,2.61
午高峰,T_8,GYGY,c,T_8 -> N42 -> T_7 -> N46 -> N33 -> N60 -> N61 -> GYGY,2.6
午高峰,T_6,GYGY,c,T_6 -> N44 -> N29 -> GYST -> N31 -> N33 -> N60 -> N61 -> GYGY,2.76
午高峰,T_9,GYGY,c,T_9 -> N48 -> N49 -> T_7 -> N46 -> N33 -> N60 -> N61 -> GYGY,0.66
午高峰,T_10,GYGY,c,T_10 -> N38 -> T_25 -> N48 -> N49 -> T_7 -> N46 -> N33 -> N60 -> N61 -> GYGY,0.54
午高峰,T_5,GYGY,b,T_5 -> N16 -> N30 -> XYST -> N29 -> GYST -> N31 -> N33 -> N60 -> N61 -> GYGY,12.61
午高峰,T_16,GYGY,c,T_16 -> N16 -> N30 -> XYST -> N29 -> GYST -> N31 -> N33 -> N60 -> N61 -> GYGY,1.72
午高峰,T_2,GYGY,c,T_2 -> N15 -> T_16 -> N16 -> N30 -> XYST -> N28 -> GYST -> N31 -> N33 -> N60 -> N61 -> GYGY,0.29
午高峰,T_3,GYGY,c,T_3 -> N5 -> N6 -> T_2 -> N15 -> T_16 -> N16 -> N30 -> XYST -> N28 -> GYST -> N31 -> N33 -> N60 -> N61 -> GYGY,0.13
午高峰,T_1,GYGY,c,T_1 -> N25 -> N26 -> N27 -> T_2 -> N15 -> T_16 -> N16 -> N30 -> XYST -> N28 -> GYST -> N31 -> N33 -> N60 -> N61 -> GYGY,0.22
午高峰,T_5,GYGY,c,T_5 -> N16 -> N30 -> XYST -> N29 -> GYST -> N31 -> N33 -> N60 -> N61 -> GYGY,0.21
午高峰,T_4,XYGY,p,T_4 -> N14 -> T_2 -> N15 -> N11 -> N12 -> XYGY,23.78
午高峰,T_4,SYJ,b,T_4 -> N14 -> T_2 -> N15 -> N11 -> N12 -> XYGY -> N13 -> SYJ,23.5
午高峰,T_2,XYGY,p,T_2 -> N15 -> N11 -> N12 -> XYGY,33.99
午高峰,T_3,XYGY,p,T_3 -> N5 -> N6 -> T_2 -> N15 -> N11 -> N12 -> XYGY,21.49
午高峰,T_4,SYJ,p,T_4 -> N14 -> T_2 -> N15 -> N11 -> N12 -> XYGY -> N13 -> SYJ,14.02
午高峰,T_1,XYGY,b,T_1 -> N25 -> N26 -> N27 -> T_2 -> N15 -> N11 -> N12 -> XYGY,16.22
午高峰,T_2,SYJ,b,T_2 -> N15 -> N11 -> N12 -> XYGY -> N13 -> SYJ,19.06
午高峰,T_1,SYJ,c,T_1 -> N25 -> N26 -> N27 -> T_2 -> N15 -> N11 -> N12 -> XYGY -> N13 -> SYJ,11.14
午高峰,T_1,XYGY,p,T_1 -> N25 -> N26 -> N27 -> T_2 -> N15 -> N11 -> N12 -> XYGY,10.32
午高峰,T_4,XYGY,b,T_4 -> N14 -> T_2 -> N15 -> N11 -> N12 -> XYGY,7.96
午高峰,T_2,XYGY,b,T_2 -> N15 -> N11 -> N12 -> XYGY,12.14
午高峰,T_3,XYGY,b,T_3 -> N5 -> N6 -> T_2 -> N15 -> N11 -> N12 -> XYGY,7.68
午高峰,T_3,SYJ,c,T_3 -> N5 -> N6 -> T_2 -> N15 -> N11 -> N12 -> XYGY -> N13 -> SYJ,7.56
午高峰,T_4,SYJ,c,T_4 -> N14 -> T_2 -> N15 -> N11 -> N12 -> XYGY -> N13 -> SYJ,4.01
午高峰,T_1,GYST,p,T_1 -> N18 -> N45 -> T_6 -> N44 -> N29 -> GYST,8.59
午高峰,T_2,SYJ,c,T_2 -> N15 -> N11 -> N12 -> XYGY -> N13 -> SYJ,3.81
午高峰,T_1,XYGY,c,T_1 -> N25 -> N26 -> N27 -> T_2 -> N15 -> N11 -> N12 -> XYGY,2.79
午高峰,T_1,GYGY,c,T_1 -> N18 -> N45 -> T_6 -> N44 -> N29 -> GYST -> N31 -> N33 -> N60 -> N61 -> GYGY,1.44
午高峰,T_4,XYGY,c,T_4 -> N14 -> T_2 -> N15 -> N11 -> N12 -> XYGY,1.59
午高峰,T_2,XYGY,c,T_2 -> N15 -> N11 -> N12 -> XYGY,2.43
午高峰,T_3,XYGY,c,T_3 -> N5 -> N6 -> T_2 -> N15 -> N11 -> N12 -> XYGY,1.54
午高峰,T_1,GYST,c,T_1 -> N18 -> N45 -> T_6 -> N44 -> N29 -> GYST,2.25
午高峰,T_1,SYJ,b,T_1 -> N25 -> N26 -> N27 -> T_2 -> N15 -> N11 -> N12 -> XYGY -> N13 -> SYJ,58.06
午高峰,T_3,SYJ,b,T_3 -> N5 -> N6 -> T_2 -> N15 -> N11 -> N12 -> XYGY -> N13 -> SYJ,39.15
午高峰,T_2,SYJ,p,T_2 -> N15 -> N11 -> N12 -> XYGY -> N13 -> SYJ,51.14
午高峰,T_1,SYJ,p,T_1 -> N25 -> N26 -> N27 -> T_2 -> N15 -> N11 -> N12 -> XYGY -> N13 -> SYJ,36.95
午高峰,T_16,GYGY,b,T_16 -> N16 -> N30 -> XYST -> N28 -> GYST -> N31 -> N33 -> N60 -> N61 -> GYGY,20.82
午高峰,T_3,SYJ,p,T_3 -> N5 -> N6 -> T_2 -> N15 -> N11 -> N12 -> XYGY -> N13 -> SYJ,24.91
午高峰,T_4,GYGY,b,T_4 -> N14 -> T_2 -> N15 -> T_16 -> N16 -> N30 -> XYST -> N29 -> GYST -> N31 -> N33 -> N60 -> N61 -> GYGY,4.17
午高峰,T_1,GYGY,b,T_1 -> N18 -> N45 -> T_6 -> N44 -> N29 -> GYST -> N31 -> N33 -> N60 -> N61 -> GYGY,7.32
午高峰,T_1,GYGY,p,T_1 -> N18 -> N45 -> T_6 -> N44 -> N29 -> GYST -> N31 -> N33 -> N60 -> N61 -> GYGY,7.37
午高峰,T_1,GYST,b,T_1 -> N18 -> N45 -> T_6 -> N44 -> N29 -> GYST,12.0
午高峰,T_5,GYGY,p,T_5 -> N16 -> N30 -> XYST -> N28 -> GYST -> N31 -> N33 -> N60 -> N61 -> GYGY,7.66
午高峰,T_9,TYGY,c,T_9 -> N48 -> N49 -> T_7 -> N32 -> GYST -> N28 -> XYST -> N30 -> N16 -> T_16 -> N15 -> T_2 -> N14 -> T_4 -> N4 -> TYGY,5.39
午高峰,T_10,TYGY,c,T_10 -> N38 -> T_9 -> N48 -> N49 -> T_7 -> N32 -> GYST -> N29 -> XYST -> N30 -> N16 -> T_16 -> N15 -> T_2 -> N14 -> T_4 -> N4 -> TYGY,0.93
午高峰,T_2,TYGY,c,T_2 -> N14 -> T_4 -> N4 -> TYGY,8.27
午高峰,T_1,TYGY,c,T_1 -> N25 -> N26 -> N27 -> T_2 -> N14 -> T_4 -> N4 -> TYGY,6.34
午高峰,T_5,TYGY,c,T_5 -> N16 -> T_16 -> N15 -> T_2 -> N14 -> T_4 -> N4 -> TYGY,5.96
午高峰,T_2,GYST,c,T_2 -> N15 -> T_16 -> N16 -> N30 -> XYST -> N28 -> GYST,0.06
午高峰,T_16,TYGY,p,T_16 -> N15 -> T_2 -> N14 -> T_4 -> N4 -> TYGY,269.32
午高峰,T_25,TYGY,b,T_25 -> N48 -> N49 -> T_7 -> N32 -> GYST -> N28 -> XYST -> N30 -> N16 -> T_16 -> N15 -> T_2 -> N14 -> T_4 -> N4 -> TYGY,13.48
午高峰,T_2,TYGY,p,T_2 -> N14 -> T_4 -> N4 -> TYGY,113.11
午高峰,T_16,TYGY,b,T_16 -> N15 -> T_2 -> N14 -> T_4 -> N4 -> TYGY,96.19
午高峰,T_1,TYGY,p,T_1 -> N25 -> N26 -> N27 -> T_2 -> N14 -> T_4 -> N4 -> TYGY,86.75
午高峰,T_5,TYGY,p,T_5 -> N16 -> T_16 -> N15 -> T_2 -> N14 -> T_4 -> N4 -> TYGY,81.56
午高峰,T_7,TYGY,b,T_7 -> N32 -> GYST -> N28 -> XYST -> N30 -> N16 -> T_16 -> N15 -> T_2 -> N14 -> T_4 -> N4 -> TYGY,40.22
午高峰,T_25,TYGY,p,T_25 -> N48 -> N49 -> T_7 -> N32 -> GYST -> N29 -> XYST -> N30 -> N16 -> T_16 -> N15 -> T_2 -> N14 -> T_4 -> N4 -> TYGY,8.58
午高峰,T_8,TYGY,b,T_8 -> N42 -> T_7 -> N32 -> GYST -> N28 -> XYST -> N30 -> N16 -> T_16 -> N15 -> T_2 -> N14 -> T_4 -> N4 -> TYGY,32.67
午高峰,T_6,TYGY,b,T_6 -> N44 -> N29 -> XYST -> N30 -> N16 -> T_16 -> N15 -> T_2 -> N14 -> T_4 -> N4 -> TYGY,29.63
午高峰,T_9,TYGY,b,T_9 -> N48 -> N49 -> T_7 -> N32 -> GYST -> N29 -> XYST -> N30 -> N16 -> T_16 -> N15 -> T_2 -> N14 -> T_4 -> N4 -> TYGY,28.31
午高峰,T_10,TYGY,b,T_10 -> N38 -> T_9 -> N48 -> N49 -> T_7 -> N32 -> GYST -> N29 -> XYST -> N30 -> N16 -> T_16 -> N15 -> T_2 -> N14 -> T_4 -> N4 -> TYGY,5.12
午高峰,T_7,TYGY,p,T_7 -> N32 -> GYST -> N29 -> XYST -> N30 -> N16 -> T_16 -> N15 -> T_2 -> N14 -> T_4 -> N4 -> TYGY,20.03
午高峰,T_8,TYGY,p,T_8 -> N42 -> T_7 -> N32 -> GYST -> N29 -> XYST -> N30 -> N16 -> T_16 -> N15 -> T_2 -> N14 -> T_4 -> N4 -> TYGY,21.73
午高峰,T_2,TYGY,b,T_2 -> N14 -> T_4 -> N4 -> TYGY,40.4
午高峰,T_6,TYGY,p,T_6 -> N44 -> N29 -> XYST -> N30 -> N16 -> T_16 -> N15 -> T_2 -> N14 -> T_4 -> N4 -> TYGY,18.86
午高峰,T_9,TYGY,p,T_9 -> N48 -> N49 -> T_7 -> N32 -> GYST -> N29 -> XYST -> N30 -> N16 -> T_16 -> N15 -> T_2 -> N14 -> T_4 -> N4 -> TYGY,10.29
午高峰,T_10,TYGY,p,T_10 -> N38 -> T_9 -> N48 -> N49 -> T_7 -> N32 -> GYST -> N28 -> XYST -> N30 -> N16 -> T_16 -> N15 -> T_2 -> N14 -> T_4 -> N4 -> TYGY,3.26
午高峰,T_1,TYGY,b,T_1 -> N25 -> N26 -> N27 -> T_2 -> N14 -> T_4 -> N4 -> TYGY,30.98
午高峰,T_5,TYGY,b,T_5 -> N16 -> T_16 -> N15 -> T_2 -> N14 -> T_4 -> N4 -> TYGY,29.13
午高峰,T_9,GYGY,b,T_9 -> N47 -> N46 -> N33 -> N60 -> N61 -> GYGY,9.33
午高峰,T_10,GYGY,b,T_10 -> N38 -> T_9 -> N47 -> N46 -> N33 -> N60 -> N61 -> GYGY,14.28
午高峰,T_25,TYGY,c,T_25 -> N48 -> N49 -> T_7 -> N32 -> GYST -> N29 -> XYST -> N30 -> N16 -> T_16 -> N15 -> T_2 -> N14 -> T_4 -> N4 -> TYGY,1.96
午高峰,T_16,TYGY,c,T_16 -> N15 -> T_2 -> N14 -> T_4 -> N4 -> TYGY,19.24
午高峰,T_1,GYGY,p,T_1 -> N18 -> N45 -> T_6 -> N44 -> N29 -> GYST -> N31 -> N33 -> N61 -> GYGY,5.43
午高峰,T_9,GYGY,p,T_9 -> N47 -> N46 -> N33 -> N60 -> N61 -> GYGY,6.6
午高峰,T_7,TYGY,c,T_7 -> N32 -> GYST -> N28 -> XYST -> N30 -> N16 -> T_16 -> N15 -> T_2 -> N14 -> T_4 -> N4 -> TYGY,9.54
午高峰,T_10,GYGY,p,T_10 -> N38 -> T_9 -> N47 -> N46 -> N33 -> N60 -> N61 -> GYGY,6.27
午高峰,T_8,TYGY,c,T_8 -> N42 -> T_7 -> N32 -> GYST -> N29 -> XYST -> N30 -> N16 -> T_16 -> N15 -> T_2 -> N14 -> T_4 -> N4 -> TYGY,7.83
午高峰,T_6,TYGY,c,T_6 -> N44 -> N29 -> XYST -> N30 -> N16 -> T_16 -> N15 -> T_2 -> N14 -> T_4 -> N4 -> TYGY,5.13
午高峰,T_9,GYGY,c,T_9 -> N47 -> N46 -> N33 -> N60 -> N61 -> GYGY,1.79
午高峰,T_10,GYGY,c,T_10 -> N38 -> T_9 -> N47 -> N46 -> N33 -> N60 -> N61 -> GYGY,2.69
午高峰,T_7,TYGY,b,T_7 -> N32 -> GYST -> N29 -> XYST -> N30 -> N16 -> T_16 -> N15 -> T_2 -> N14 -> T_4 -> N4 -> TYGY,19.23
午高峰,T_25,TYGY,p,T_25 -> N48 -> N49 -> T_7 -> N32 -> GYST -> N28 -> XYST -> N30 -> N16 -> T_16 -> N15 -> T_2 -> N14 -> T_4 -> N4 -> TYGY,1.72
午高峰,T_7,TYGY,p,T_7 -> N32 -> GYST -> N28 -> XYST -> N30 -> N16 -> T_16 -> N15 -> T_2 -> N14 -> T_4 -> N4 -> TYGY,16.69
午高峰,T_16,SYJ,c,T_16 -> N15 -> N11 -> N12 -> XYGY -> N13 -> SYJ,25.52
午高峰,T_16,XYGY,c,T_16 -> N15 -> N11 -> N12 -> XYGY,6.99
午高峰,T_10,GYGY,c,T_10 -> N38 -> T_9 -> N47 -> N46 -> N33 -> N61 -> GYGY,1.16
午高峰,T_16,SYJ,p,T_16 -> N15 -> N11 -> N12 -> XYGY -> N13 -> SYJ,323.75
午高峰,T_16,SYJ,b,T_16 -> N15 -> N11 -> N12 -> XYGY -> N13 -> SYJ,119.61
午高峰,T_16,XYGY,p,T_16 -> N15 -> N11 -> N12 -> XYGY,94.43
午高峰,T_16,XYGY,b,T_16 -> N15 -> N11 -> N12 -> XYGY,36.13
午高峰,T_10,GYGY,b,T_10 -> N38 -> T_9 -> N47 -> N46 -> N33 -> N61 -> GYGY,6.89
午高峰,T_9,GYGY,p,T_9 -> N47 -> N46 -> N33 -> N61 -> GYGY,7.59
午高峰,T_10,GYGY,p,T_10 -> N38 -> T_9 -> N47 -> N46 -> N33 -> N61 -> GYGY,7.21
午高峰,T_1,GYGY,c,T_1 -> N18 -> N45 -> T_6 -> N44 -> N29 -> GYST -> N31 -> N33 -> N61 -> GYGY,2.22
午高峰,T_16,GYGY,p,T_16 -> N16 -> N30 -> XYST -> N29 -> GYST -> N31 -> N33 -> N60 -> N61 -> GYGY,12.04
午高峰,T_9,GYGY,b,T_9 -> N47 -> N46 -> N33 -> N61 -> GYGY,12.96
午高峰,T_5,GYGY,p,T_5 -> N16 -> N30 -> XYST -> N28 -> GYST -> N31 -> N33 -> N61 -> GYGY,3.65
午高峰,T_10,TYST,b,T_10 -> N38 -> T_25 -> N39 -> N40 -> T_8 -> N42 -> T_7 -> N32 -> GYST -> N29 -> XYST -> N30 -> N16 -> T_16 -> N15 -> T_2 -> N14 -> TYST,4.27
午高峰,T_10,TYGY,c,T_10 -> N38 -> T_25 -> N39 -> N40 -> T_8 -> N42 -> T_7 -> N32 -> GYST -> N29 -> XYST -> N30 -> N16 -> T_16 -> N15 -> T_2 -> N14 -> T_4 -> N4 -> TYGY,2.33
午高峰,T_4,GYST,p,T_4 -> N14 -> T_2 -> N15 -> N11 -> N12 -> XYST -> N29 -> GYST,1.8
午高峰,T_2,CYGY,b,T_2 -> N15 -> N11 -> N12 -> XYST -> N28 -> CYGY,4.12
午高峰,T_3,CYGY,b,T_3 -> N5 -> N6 -> T_2 -> N15 -> N11 -> N12 -> XYST -> N28 -> CYGY,2.32
午高峰,T_3,XYST,b,T_3 -> N5 -> N6 -> T_2 -> N15 -> N11 -> N12 -> XYST,2.31
午高峰,T_25,GYGY,c,T_25 -> N39 -> N40 -> T_8 -> N42 -> T_7 -> N46 -> N33 -> N60 -> N61 -> GYGY,1.13
午高峰,T_10,CYGY,p,T_10 -> N38 -> T_25 -> N39 -> N40 -> T_8 -> N42 -> T_7 -> N32 -> GYST -> N28 -> CYGY,3.2
午高峰,T_2,XYST,b,T_2 -> N15 -> N11 -> N12 -> XYST,3.47
午高峰,T_25,GYST,c,T_25 -> N39 -> N40 -> T_8 -> N42 -> T_7 -> N32 -> GYST,3.22
午高峰,T_4,GYGY,c,T_4 -> N14 -> T_2 -> N15 -> N11 -> N12 -> XYST -> N29 -> GYST -> N31 -> N33 -> N60 -> N61 -> GYGY,1.21
午高峰,T_10,TYST,p,T_10 -> N38 -> T_25 -> N39 -> N40 -> T_8 -> N42 -> T_7 -> N32 -> GYST -> N29 -> XYST -> N30 -> N16 -> T_16 -> N15 -> T_2 -> N14 -> TYST,1.96
午高峰,T_2,GYGY,c,T_2 -> N15 -> N11 -> N12 -> XYST -> N29 -> GYST -> N31 -> N33 -> N60 -> N61 -> GYGY,0.87
午高峰,T_3,GYST,b,T_3 -> N5 -> N6 -> T_2 -> N15 -> N11 -> N12 -> XYST -> N29 -> GYST,1.17
午高峰,T_3,GYGY,c,T_3 -> N5 -> N6 -> T_2 -> N15 -> N11 -> N12 -> XYST -> N29 -> GYST -> N31 -> N33 -> N61 -> GYGY,0.39
午高峰,T_10,XYGY,c,T_10 -> N38 -> T_25 -> N39 -> N40 -> T_8 -> N42 -> T_7 -> N32 -> GYST -> N28 -> XYST -> N12 -> XYGY,1.75
午高峰,T_4,XYST,b,T_4 -> N14 -> T_2 -> N15 -> N11 -> N12 -> XYST,1.24
午高峰,T_25,XYST,c,T_25 -> N39 -> N40 -> T_8 -> N42 -> T_7 -> N32 -> GYST -> N29 -> XYST,1.54
午高峰,T_10,XYST,c,T_10 -> N38 -> T_25 -> N39 -> N40 -> T_8 -> N42 -> T_7 -> N32 -> GYST -> N28 -> XYST,1.26
午高峰,T_2,GYST,b,T_2 -> N15 -> N11 -> N12 -> XYST -> N29 -> GYST,1.96
午高峰,T_4,GYST,b,T_4 -> N14 -> T_2 -> N15 -> N11 -> N12 -> XYST -> N28 -> GYST,0.72
午高峰,T_25,TYST,c,T_25 -> N39 -> N40 -> T_8 -> N42 -> T_7 -> N32 -> GYST -> N28 -> XYST -> N30 -> N16 -> T_16 -> N15 -> T_2 -> N14 -> TYST,1.32
午高峰,T_10,GYST,c,T_10 -> N38 -> T_25 -> N39 -> N40 -> T_8 -> N42 -> T_7 -> N32 -> GYST,1.34
午高峰,T_1,CYGY,c,T_1 -> N25 -> N26 -> N27 -> T_2 -> N15 -> N11 -> N12 -> XYST -> N28 -> CYGY,0.27
午高峰,T_25,CYGY,c,T_25 -> N39 -> N40 -> T_8 -> N42 -> T_7 -> N32 -> GYST -> N28 -> CYGY,0.96
午高峰,T_10,CYGY,c,T_10 -> N38 -> T_25 -> N39 -> N40 -> T_8 -> N42 -> T_7 -> N32 -> GYST -> N28 -> CYGY,0.91
午高峰,T_1,XYST,c,T_1 -> N25 -> N26 -> N27 -> T_2 -> N15 -> N11 -> N12 -> XYST,0.3
午高峰,T_4,CYGY,c,T_4 -> N14 -> T_2 -> N15 -> N11 -> N12 -> XYST -> N28 -> CYGY,0.46
午高峰,T_2,CYGY,c,T_2 -> N15 -> N11 -> N12 -> XYST -> N28 -> CYGY,0.82
午高峰,T_10,TYST,c,T_10 -> N38 -> T_25 -> N39 -> N40 -> T_8 -> N42 -> T_7 -> N32 -> GYST -> N29 -> XYST -> N30 -> N16 -> T_16 -> N15 -> T_2 -> N14 -> TYST,0.47
午高峰,T_3,CYGY,c,T_3 -> N5 -> N6 -> T_2 -> N15 -> N11 -> N12 -> XYST -> N28 -> CYGY,0.46
午高峰,T_3,XYST,c,T_3 -> N5 -> N6 -> T_2 -> N15 -> N11 -> N12 -> XYST,0.46
午高峰,T_2,XYST,c,T_2 -> N15 -> N11 -> N12 -> XYST,0.69
午高峰,T_3,GYST,c,T_3 -> N5 -> N6 -> T_2 -> N15 -> N11 -> N12 -> XYST -> N29 -> GYST,0.31
午高峰,T_4,XYST,c,T_4 -> N14 -> T_2 -> N15 -> N11 -> N12 -> XYST,0.25
午高峰,T_2,GYST,c,T_2 -> N15 -> N11 -> N12 -> XYST -> N29 -> GYST,0.37
午高峰,T_4,GYST,c,T_4 -> N14 -> T_2 -> N15 -> N11 -> N12 -> XYST -> N29 -> GYST,0.14
午高峰,T_25,SYJ,b,T_25 -> N39 -> N40 -> T_8 -> N42 -> T_7 -> N32 -> GYST -> N29 -> XYST -> N12 -> XYGY -> N13 -> SYJ,84.17
午高峰,T_25,SYJ,p,T_25 -> N39 -> N40 -> T_8 -> N42 -> T_7 -> N32 -> GYST -> N28 -> XYST -> N12 -> XYGY -> N13 -> SYJ,53.56
午高峰,T_10,SYJ,b,T_10 -> N38 -> T_25 -> N39 -> N40 -> T_8 -> N42 -> T_7 -> N32 -> GYST -> N28 -> XYST -> N12 -> XYGY -> N13 -> SYJ,40.81
午高峰,T_25,TYGY,b,T_25 -> N39 -> N40 -> T_8 -> N42 -> T_7 -> N32 -> GYST -> N28 -> XYST -> N30 -> N16 -> T_16 -> N15 -> T_2 -> N14 -> T_4 -> N4 -> TYGY,51.23
午高峰,T_10,SYJ,p,T_10 -> N38 -> T_25 -> N39 -> N40 -> T_8 -> N42 -> T_7 -> N32 -> GYST -> N29 -> XYST -> N12 -> XYGY -> N13 -> SYJ,33.76
午高峰,T_25,GYST,p,T_25 -> N39 -> N40 -> T_8 -> N42 -> T_7 -> N32 -> GYST,42.66
午高峰,T_25,TYGY,p,T_25 -> N39 -> N40 -> T_8 -> N42 -> T_7 -> N32 -> GYST -> N28 -> XYST -> N30 -> N16 -> T_16 -> N15 -> T_2 -> N14 -> T_4 -> N4 -> TYGY,12.01
午高峰,T_25,XYST,p,T_25 -> N39 -> N40 -> T_8 -> N42 -> T_7 -> N32 -> GYST -> N28 -> XYST,11.58
午高峰,T_25,XYGY,b,T_25 -> N39 -> N40 -> T_8 -> N42 -> T_7 -> N32 -> GYST -> N29 -> XYST -> N12 -> XYGY,23.23
午高峰,T_25,SYJ,c,T_25 -> N39 -> N40 -> T_8 -> N42 -> T_7 -> N32 -> GYST -> N28 -> XYST -> N12 -> XYGY -> N13 -> SYJ,23.65
午高峰,T_10,TYGY,b,T_10 -> N38 -> T_25 -> N39 -> N40 -> T_8 -> N42 -> T_7 -> N32 -> GYST -> N29 -> XYST -> N30 -> N16 -> T_16 -> N15 -> T_2 -> N14 -> T_4 -> N4 -> TYGY,20.48
午高峰,T_10,GYST,p,T_10 -> N38 -> T_25 -> N39 -> N40 -> T_8 -> N42 -> T_7 -> N32 -> GYST,16.73
午高峰,T_25,GYGY,b,T_25 -> N39 -> N40 -> T_8 -> N42 -> T_7 -> N46 -> N33 -> N61 -> GYGY,9.33
午高峰,T_25,XYGY,p,T_25 -> N39 -> N40 -> T_8 -> N42 -> T_7 -> N32 -> GYST -> N28 -> XYST -> N12 -> XYGY,11.09
午高峰,T_25,GYST,b,T_25 -> N39 -> N40 -> T_8 -> N42 -> T_7 -> N32 -> GYST,15.23
午高峰,T_4,GYGY,b,T_4 -> N14 -> T_2 -> N15 -> N11 -> N12 -> XYST -> N29 -> GYST -> N31 -> N33 -> N60 -> N61 -> GYGY,3.34
午高峰,T_10,TYGY,p,T_10 -> N38 -> T_25 -> N39 -> N40 -> T_8 -> N42 -> T_7 -> N32 -> GYST -> N28 -> XYST -> N30 -> N16 -> T_16 -> N15 -> T_2 -> N14 -> T_4 -> N4 -> TYGY,13.85
午高峰,T_2,GYGY,b,T_2 -> N15 -> N11 -> N12 -> XYST -> N29 -> GYST -> N31 -> N33 -> N61 -> GYGY,7.95
午高峰,T_25,CYGY,p,T_25 -> N39 -> N40 -> T_8 -> N42 -> T_7 -> N32 -> GYST -> N28 -> CYGY,14.25
午高峰,T_10,SYJ,c,T_10 -> N38 -> T_25 -> N39 -> N40 -> T_8 -> N42 -> T_7 -> N32 -> GYST -> N28 -> XYST -> N12 -> XYGY -> N13 -> SYJ,7.42
午高峰,T_3,GYGY,b,T_3 -> N5 -> N6 -> T_2 -> N15 -> N11 -> N12 -> XYST -> N28 -> GYST -> N31 -> N33 -> N60 -> N61 -> GYGY,4.26
午高峰,T_1,XYST,p,T_1 -> N25 -> N26 -> N27 -> T_2 -> N15 -> N11 -> N12 -> XYST,3.52
午高峰,T_10,XYGY,b,T_10 -> N38 -> T_25 -> N39 -> N40 -> T_8 -> N42 -> T_7 -> N32 -> GYST -> N28 -> XYST -> N12 -> XYGY,6.89
午高峰,T_25,GYGY,p,T_25 -> N39 -> N40 -> T_8 -> N42 -> T_7 -> N46 -> N33 -> N60 -> N61 -> GYGY,1.98
午高峰,T_4,CYGY,p,T_4 -> N14 -> T_2 -> N15 -> N11 -> N12 -> XYST -> N28 -> CYGY,5.73
午高峰,T_10,XYST,b,T_10 -> N38 -> T_25 -> N39 -> N40 -> T_8 -> N42 -> T_7 -> N32 -> GYST -> N29 -> XYST,4.4
午高峰,T_2,CYGY,p,T_2 -> N15 -> N11 -> N12 -> XYST -> N28 -> CYGY,10.93
午高峰,T_25,XYST,b,T_25 -> N39 -> N40 -> T_8 -> N42 -> T_7 -> N32 -> GYST -> N29 -> XYST,4.14
午高峰,T_3,CYGY,p,T_3 -> N5 -> N6 -> T_2 -> N15 -> N11 -> N12 -> XYST -> N28 -> CYGY,5.96
午高峰,T_3,XYST,p,T_3 -> N5 -> N6 -> T_2 -> N15 -> N11 -> N12 -> XYST,5.93
午高峰,T_4,GYGY,p,T_4 -> N14 -> T_2 -> N15 -> N11 -> N12 -> XYST -> N28 -> GYST -> N31 -> N33 -> N61 -> GYGY,1.06
午高峰,T_2,XYST,p,T_2 -> N15 -> N11 -> N12 -> XYST,9.2
午高峰,T_2,GYGY,p,T_2 -> N15 -> N11 -> N12 -> XYST -> N29 -> GYST -> N31 -> N33 -> N60 -> N61 -> GYGY,4.05
午高峰,T_25,TYGY,c,T_25 -> N39 -> N40 -> T_8 -> N42 -> T_7 -> N32 -> GYST -> N29 -> XYST -> N30 -> N16 -> T_16 -> N15 -> T_2 -> N14 -> T_4 -> N4 -> TYGY,2.94
午高峰,T_3,GYGY,p,T_3 -> N5 -> N6 -> T_2 -> N15 -> N11 -> N12 -> XYST -> N29 -> GYST -> N31 -> N33 -> N60 -> N61 -> GYGY,2.26
午高峰,T_10,XYGY,p,T_10 -> N38 -> T_25 -> N39 -> N40 -> T_8 -> N42 -> T_7 -> N32 -> GYST -> N28 -> XYST -> N12 -> XYGY,3.95
午高峰,T_25,TYST,b,T_25 -> N39 -> N40 -> T_8 -> N42 -> T_7 -> N32 -> GYST -> N28 -> XYST -> N30 -> N16 -> T_16 -> N15 -> T_2 -> N14 -> TYST,3.86
午高峰,T_10,XYST,p,T_10 -> N38 -> T_25 -> N39 -> N40 -> T_8 -> N42 -> T_7 -> N32 -> GYST -> N28 -> XYST,6.4
午高峰,T_10,GYST,b,T_10 -> N38 -> T_25 -> N39 -> N40 -> T_8 -> N42 -> T_7 -> N32 -> GYST,5.97
午高峰,T_1,CYGY,b,T_1 -> N25 -> N26 -> N27 -> T_2 -> N15 -> N11 -> N12 -> XYST -> N28 -> CYGY,1.1
午高峰,T_3,GYST,p,T_3 -> N5 -> N6 -> T_2 -> N15 -> N11 -> N12 -> XYST -> N28 -> GYST,3.63
午高峰,T_4,XYST,p,T_4 -> N14 -> T_2 -> N15 -> N11 -> N12 -> XYST,3.14
午高峰,T_10,CYGY,b,T_10 -> N38 -> T_25 -> N39 -> N40 -> T_8 -> N42 -> T_7 -> N32 -> GYST -> N28 -> CYGY,5.02
午高峰,T_2,GYST,p,T_2 -> N15 -> N11 -> N12 -> XYST -> N28 -> GYST,0.58
午高峰,T_25,CYGY,b,T_25 -> N39 -> N40 -> T_8 -> N42 -> T_7 -> N32 -> GYST -> N28 -> CYGY,4.53
午高峰,T_25,TYST,p,T_25 -> N39 -> N40 -> T_8 -> N42 -> T_7 -> N32 -> GYST -> N29 -> XYST -> N30 -> N16 -> T_16 -> N15 -> T_2 -> N14 -> TYST,4.64
午高峰,T_25,XYGY,c,T_25 -> N39 -> N40 -> T_8 -> N42 -> T_7 -> N32 -> GYST -> N28 -> XYST -> N12 -> XYGY,4.22
午高峰,T_1,XYST,b,T_1 -> N25 -> N26 -> N27 -> T_2 -> N15 -> N11 -> N12 -> XYST,1.26
午高峰,T_1,CYGY,p,T_1 -> N25 -> N26 -> N27 -> T_2 -> N15 -> N11 -> N12 -> XYST -> N28 -> CYGY,0.7
午高峰,T_4,CYGY,b,T_4 -> N14 -> T_2 -> N15 -> N11 -> N12 -> XYST -> N28 -> CYGY,2.05
午高峰,T_4,GYST,p,T_4 -> N14 -> T_2 -> N15 -> N11 -> N12 -> XYST -> N28 -> GYST,0.45
午高峰,T_25,GYGY,c,T_25 -> N39 -> N40 -> T_8 -> N42 -> T_7 -> N46 -> N33 -> N61 -> GYGY,1.89
午高峰,T_4,GYGY,c,T_4 -> N14 -> T_2 -> N15 -> N11 -> N12 -> XYST -> N28 -> GYST -> N31 -> N33 -> N60 -> N61 -> GYGY,0.3
午高峰,T_3,GYST,b,T_3 -> N5 -> N6 -> T_2 -> N15 -> N11 -> N12 -> XYST -> N28 -> GYST,0.39
午高峰,T_10,XYST,c,T_10 -> N38 -> T_25 -> N39 -> N40 -> T_8 -> N42 -> T_7 -> N32 -> GYST -> N29 -> XYST,0.69
午高峰,T_4,GYST,c,T_4 -> N14 -> T_2 -> N15 -> N11 -> N12 -> XYST -> N28 -> GYST,0.02
午高峰,T_25,SYJ,b,T_25 -> N39 -> N40 -> T_8 -> N42 -> T_7 -> N32 -> GYST -> N28 -> XYST -> N12 -> XYGY -> N13 -> SYJ,53.56
午高峰,T_25,SYJ,p,T_25 -> N39 -> N40 -> T_8 -> N42 -> T_7 -> N32 -> GYST -> N29 -> XYST -> N12 -> XYGY -> N13 -> SYJ,29.22
午高峰,T_10,SYJ,b,T_10 -> N38 -> T_25 -> N39 -> N40 -> T_8 -> N42 -> T_7 -> N32 -> GYST -> N29 -> XYST -> N12 -> XYGY -> N13 -> SYJ,24.49
午高峰,T_25,TYGY,p,T_25 -> N39 -> N40 -> T_8 -> N42 -> T_7 -> N32 -> GYST -> N29 -> XYST -> N30 -> N16 -> T_16 -> N15 -> T_2 -> N14 -> T_4 -> N4 -> TYGY,15.44
午高峰,T_25,XYST,p,T_25 -> N39 -> N40 -> T_8 -> N42 -> T_7 -> N32 -> GYST -> N29 -> XYST,16.55
午高峰,T_4,GYGY,b,T_4 -> N14 -> T_2 -> N15 -> N11 -> N12 -> XYST -> N28 -> GYST -> N31 -> N33 -> N60 -> N61 -> GYGY,1.67
午高峰,T_2,GYGY,b,T_2 -> N15 -> N11 -> N12 -> XYST -> N28 -> GYST -> N31 -> N33 -> N61 -> GYGY,3.18
午高峰,T_3,GYGY,b,T_3 -> N5 -> N6 -> T_2 -> N15 -> N11 -> N12 -> XYST -> N29 -> GYST -> N31 -> N33 -> N60 -> N61 -> GYGY,2.84
午高峰,T_1,GYGY,b,T_1 -> N18 -> N45 -> T_6 -> N44 -> N29 -> GYST -> N31 -> N33 -> N61 -> GYGY,13.41
午高峰,T_4,GYGY,p,T_4 -> N14 -> T_2 -> N15 -> N11 -> N12 -> XYST -> N28 -> GYST -> N31 -> N33 -> N60 -> N61 -> GYGY,3.72
午高峰,T_2,GYGY,p,T_2 -> N15 -> N11 -> N12 -> XYST -> N29 -> GYST -> N31 -> N33 -> N61 -> GYGY,5.06
午高峰,T_3,GYGY,p,T_3 -> N5 -> N6 -> T_2 -> N15 -> N11 -> N12 -> XYST -> N29 -> GYST -> N31 -> N33 -> N61 -> GYGY,2.71
午高峰,T_5,XYGY,b,T_5 -> N16 -> T_16 -> N15 -> N11 -> N12 -> XYGY,4.38
午高峰,T_5,SYJ,c,T_5 -> N16 -> T_16 -> N15 -> N11 -> N12 -> XYGY -> N13 -> SYJ,4.0
午高峰,T_3,GYGY,c,T_3 -> N5 -> N6 -> T_2 -> N15 -> N11 -> N12 -> XYST -> N28 -> GYST -> N31 -> N33 -> N61 -> GYGY,0.13
午高峰,T_9,GYGY,c,T_9 -> N47 -> N46 -> N33 -> N61 -> GYGY,2.26
午高峰,T_4,GYST,b,T_4 -> N14 -> T_2 -> N15 -> N11 -> N12 -> XYST -> N29 -> GYST,0.08
午高峰,T_5,XYGY,c,T_5 -> N16 -> T_16 -> N15 -> N11 -> N12 -> XYGY,0.88
午高峰,T_2,GYST,c,T_2 -> N15 -> N11 -> N12 -> XYST -> N28 -> GYST,0.02
午高峰,T_5,SYJ,p,T_5 -> N16 -> T_16 -> N15 -> N11 -> N12 -> XYGY -> N13 -> SYJ,51.66
午高峰,T_5,SYJ,b,T_5 -> N16 -> T_16 -> N15 -> N11 -> N12 -> XYGY -> N13 -> SYJ,16.91
午高峰,T_25,GYGY,b,T_25 -> N39 -> N40 -> T_8 -> N42 -> T_7 -> N46 -> N33 -> N60 -> N61 -> GYGY,6.22
午高峰,T_5,XYGY,p,T_5 -> N16 -> T_16 -> N15 -> N11 -> N12 -> XYGY,12.26
午高峰,T_2,GYGY,b,T_2 -> N15 -> N11 -> N12 -> XYST -> N29 -> GYST -> N31 -> N33 -> N60 -> N61 -> GYGY,2.38
午高峰,T_3,GYGY,b,T_3 -> N5 -> N6 -> T_2 -> N15 -> N11 -> N12 -> XYST -> N28 -> GYST -> N31 -> N33 -> N61 -> GYGY,0.71
午高峰,T_3,GYST,p,T_3 -> N5 -> N6 -> T_2 -> N15 -> N11 -> N12 -> XYST -> N29 -> GYST,0.36
午高峰,T_2,GYST,p,T_2 -> N15 -> N11 -> N12 -> XYST -> N29 -> GYST,4.62
午高峰,T_4,GYGY,b,T_4 -> N14 -> T_2 -> N15 -> N11 -> N12 -> XYST -> N29 -> GYST -> N31 -> N33 -> N61 -> GYGY,1.67
午高峰,T_25,GYGY,p,T_25 -> N39 -> N40 -> T_8 -> N42 -> T_7 -> N46 -> N33 -> N61 -> GYGY,8.58
午高峰,T_1,CYGY,b,T_1 -> N18 -> N45 -> T_6 -> N44 -> N29 -> N28 -> CYGY,2.19
午高峰,T_1,CYGY,p,T_1 -> N18 -> N45 -> T_6 -> N44 -> N29 -> N28 -> CYGY,1.4
午高峰,T_2,GYGY,c,T_2 -> N15 -> N11 -> N12 -> XYST -> N29 -> GYST -> N31 -> N33 -> N61 -> GYGY,1.88
午高峰,T_3,GYGY,c,T_3 -> N5 -> N6 -> T_2 -> N15 -> N11 -> N12 -> XYST -> N28 -> GYST -> N31 -> N33 -> N60 -> N61 -> GYGY,0.9
午高峰,T_1,CYGY,c,T_1 -> N18 -> N45 -> T_6 -> N44 -> N29 -> N28 -> CYGY,0.4
午高峰,T_5,GYST,c,T_5 -> N16 -> N30 -> XYST -> N28 -> GYST,0.98
午高峰,T_4,GYGY,b,T_4 -> N14 -> T_2 -> N15 -> N11 -> N12 -> XYST -> N28 -> GYST -> N31 -> N33 -> N61 -> GYGY,0.83
午高峰,T_2,GYGY,b,T_2 -> N15 -> N11 -> N12 -> XYST -> N28 -> GYST -> N31 -> N33 -> N60 -> N61 -> GYGY,0.79
午高峰,T_1,XYST,p,T_1 -> N18 -> N45 -> T_6 -> N44 -> N29 -> XYST,16.19
午高峰,T_10,XYST,b,T_10 -> N38 -> T_25 -> N39 -> N40 -> T_8 -> N42 -> T_7 -> N32 -> GYST -> N28 -> XYST,5.65
午高峰,T_8,SYJ,c,T_8 -> N42 -> T_7 -> N32 -> GYST -> N29 -> XYST -> N12 -> XYGY -> N13 -> SYJ,9.05
午高峰,T_25,XYST,b,T_25 -> N39 -> N40 -> T_8 -> N42 -> T_7 -> N32 -> GYST -> N28 -> XYST,5.91
午高峰,T_25,TYGY,c,T_25 -> N39 -> N40 -> T_8 -> N42 -> T_7 -> N32 -> GYST -> N28 -> XYST -> N30 -> N16 -> T_16 -> N15 -> T_2 -> N14 -> T_4 -> N4 -> TYGY,4.9
午高峰,T_9,XYGY,p,T_9 -> N48 -> N49 -> T_7 -> N32 -> GYST -> N29 -> XYST -> N12 -> XYGY,3.7
午高峰,T_10,XYGY,p,T_10 -> N38 -> T_25 -> N39 -> N40 -> T_8 -> N42 -> T_7 -> N32 -> GYST -> N29 -> XYST -> N12 -> XYGY,3.07
午高峰,T_25,TYST,b,T_25 -> N39 -> N40 -> T_8 -> N42 -> T_7 -> N32 -> GYST -> N29 -> XYST -> N30 -> N16 -> T_16 -> N15 -> T_2 -> N14 -> TYST,3.0
午高峰,T_9,XYST,b,T_9 -> N48 -> N49 -> T_7 -> N32 -> GYST -> N29 -> XYST,0.59
午高峰,T_7,XYST,b,T_7 -> N32 -> GYST -> N28 -> XYST,2.84
午高峰,T_1,XYST,b,T_1 -> N18 -> N45 -> T_6 -> N44 -> N29 -> XYST,5.78
午高峰,T_7,TYST,p,T_7 -> N32 -> GYST -> N28 -> XYST -> N30 -> N16 -> T_16 -> N15 -> T_2 -> N14 -> TYST,1.03
午高峰,T_1,XYST,c,T_1 -> N18 -> N45 -> T_6 -> N44 -> N29 -> XYST,1.26
午高峰,T_10,TYST,c,T_10 -> N38 -> T_25 -> N39 -> N40 -> T_8 -> N42 -> T_7 -> N32 -> GYST -> N28 -> XYST -> N30 -> N16 -> T_16 -> N15 -> T_2 -> N14 -> TYST,0.26
午高峰,T_9,TYST,c,T_9 -> N48 -> N49 -> T_7 -> N32 -> GYST -> N29 -> XYST -> N30 -> N16 -> T_16 -> N15 -> T_2 -> N14 -> TYST,0.35
午高峰,T_8,TYST,c,T_8 -> N42 -> T_7 -> N32 -> GYST -> N28 -> XYST -> N30 -> N16 -> T_16 -> N15 -> T_2 -> N14 -> TYST,0.22
午高峰,T_25,XYGY,p,T_25 -> N39 -> N40 -> T_8 -> N42 -> T_7 -> N32 -> GYST -> N29 -> XYST -> N12 -> XYGY,5.54
午高峰,T_9,TYGY,p,T_9 -> N48 -> N49 -> T_7 -> N32 -> GYST -> N28 -> XYST -> N30 -> N16 -> T_16 -> N15 -> T_2 -> N14 -> T_4 -> N4 -> TYGY,7.72
午高峰,T_10,SYJ,c,T_10 -> N38 -> T_25 -> N39 -> N40 -> T_8 -> N42 -> T_7 -> N32 -> GYST -> N29 -> XYST -> N12 -> XYGY -> N13 -> SYJ,5.19
午高峰,T_9,XYGY,b,T_9 -> N48 -> N49 -> T_7 -> N32 -> GYST -> N28 -> XYST -> N12 -> XYGY,5.08
午高峰,T_9,SYJ,c,T_9 -> N48 -> N49 -> T_7 -> N32 -> GYST -> N28 -> XYST -> N12 -> XYGY -> N13 -> SYJ,4.87
午高峰,T_10,XYGY,b,T_10 -> N38 -> T_25 -> N39 -> N40 -> T_8 -> N42 -> T_7 -> N32 -> GYST -> N29 -> XYST -> N12 -> XYGY,4.82
午高峰,T_10,TYGY,c,T_10 -> N38 -> T_25 -> N39 -> N40 -> T_8 -> N42 -> T_7 -> N32 -> GYST -> N28 -> XYST -> N30 -> N16 -> T_16 -> N15 -> T_2 -> N14 -> T_4 -> N4 -> TYGY,1.86
午高峰,T_9,TYST,b,T_9 -> N48 -> N49 -> T_7 -> N32 -> GYST -> N29 -> XYST -> N30 -> N16 -> T_16 -> N15 -> T_2 -> N14 -> TYST,1.71
午高峰,T_7,SYJ,c,T_7 -> N32 -> GYST -> N29 -> XYST -> N12 -> XYGY -> N13 -> SYJ,4.92
午高峰,T_8,TYST,b,T_8 -> N42 -> T_7 -> N32 -> GYST -> N28 -> XYST -> N30 -> N16 -> T_16 -> N15 -> T_2 -> N14 -> TYST,1.58
午高峰,T_9,XYST,c,T_9 -> N48 -> N49 -> T_7 -> N32 -> GYST -> N29 -> XYST,0.35
午高峰,T_7,XYST,c,T_7 -> N32 -> GYST -> N28 -> XYST,0.91
午高峰,T_4,SYJ,p,T_4 -> N14 -> N10 -> N11 -> N12 -> XYGY -> N13 -> SYJ,28.04
午高峰,T_4,GYGY,b,T_4 -> N14 -> N10 -> N11 -> N12 -> XYST -> N28 -> GYST -> N31 -> N33 -> N60 -> N61 -> GYGY,3.34
午高峰,T_4,CYGY,p,T_4 -> N14 -> N10 -> N11 -> N12 -> XYST -> N28 -> CYGY,10.83
午高峰,T_4,GYGY,p,T_4 -> N14 -> N10 -> N11 -> N12 -> XYST -> N28 -> GYST -> N31 -> N33 -> N60 -> N61 -> GYGY,3.19
午高峰,T_4,XYGY,b,T_4 -> N14 -> N10 -> N11 -> N12 -> XYGY,15.93
午高峰,T_6,CYGY,p,T_6 -> N44 -> N28 -> CYGY,12.43
午高峰,T_1,CYGY,b,T_1 -> N18 -> N45 -> T_6 -> N44 -> N28 -> CYGY,10.97
午高峰,T_4,XYST,p,T_4 -> N14 -> N10 -> N11 -> N12 -> XYST,9.06
午高峰,T_4,SYJ,c,T_4 -> N14 -> N10 -> N11 -> N12 -> XYGY -> N13 -> SYJ,8.01
午高峰,T_1,CYGY,p,T_1 -> N18 -> N45 -> T_6 -> N44 -> N28 -> CYGY,6.98
午高峰,T_4,CYGY,b,T_4 -> N14 -> N10 -> N11 -> N12 -> XYST -> N28 -> CYGY,3.87
午高峰,T_4,GYST,p,T_4 -> N14 -> N10 -> N11 -> N12 -> XYST -> N29 -> GYST,3.82
午高峰,T_4,GYGY,c,T_4 -> N14 -> N10 -> N11 -> N12 -> XYST -> N29 -> GYST -> N31 -> N33 -> N60 -> N61 -> GYGY,2.28
午高峰,T_6,CYGY,b,T_6 -> N44 -> N28 -> CYGY,4.44
午高峰,T_3,GYGY,c,T_3 -> N5 -> N6 -> T_2 -> N15 -> N11 -> N12 -> XYST -> N29 -> GYST -> N31 -> N33 -> N60 -> N61 -> GYGY,0.13
午高峰,T_4,XYST,b,T_4 -> N14 -> N10 -> N11 -> N12 -> XYST,3.36
午高峰,T_4,XYGY,c,T_4 -> N14 -> N10 -> N11 -> N12 -> XYGY,3.19
午高峰,T_4,GYST,b,T_4 -> N14 -> N10 -> N11 -> N12 -> XYST -> N29 -> GYST,0.64
午高峰,T_1,CYGY,c,T_1 -> N18 -> N45 -> T_6 -> N44 -> N28 -> CYGY,2.0
午高峰,T_4,CYGY,c,T_4 -> N14 -> N10 -> N11 -> N12 -> XYST -> N28 -> CYGY,0.77
午高峰,T_6,CYGY,c,T_6 -> N44 -> N28 -> CYGY,0.89
午高峰,T_4,XYST,c,T_4 -> N14 -> N10 -> N11 -> N12 -> XYST,0.67
午高峰,T_4,GYST,c,T_4 -> N14 -> N10 -> N11 -> N12 -> XYST -> N29 -> GYST,0.14
午高峰,T_4,XYGY,p,T_4 -> N14 -> N10 -> N11 -> N12 -> XYGY,43.11
午高峰,T_4,SYJ,b,T_4 -> N14 -> N10 -> N11 -> N12 -> XYGY -> N13 -> SYJ,42.59
午高峰,T_4,GYGY,b,T_4 -> N14 -> N10 -> N11 -> N12 -> XYST -> N29 -> GYST -> N31 -> N33 -> N60 -> N61 -> GYGY,8.34
午高峰,T_4,GYST,b,T_4 -> N14 -> N10 -> N11 -> N12 -> XYST -> N28 -> GYST,0.72
午高峰,T_3,SYJ,b,T_3 -> N3 -> TYGY -> N7 -> N8 -> N9 -> N10 -> N11 -> N12 -> XYGY -> N13 -> SYJ,68.51
午高峰,T_3,SYJ,p,T_3 -> N3 -> TYGY -> N7 -> N8 -> N9 -> N10 -> N11 -> N12 -> XYGY -> N13 -> SYJ,43.6
午高峰,T_3,XYGY,p,T_3 -> N3 -> TYGY -> N7 -> N8 -> N9 -> N10 -> N11 -> N12 -> XYGY,35.4
午高峰,T_3,GYGY,b,T_3 -> N3 -> TYGY -> N7 -> N8 -> N9 -> N10 -> N11 -> N12 -> XYST -> N28 -> GYST -> N31 -> N33 -> N60 -> N61 -> GYGY,6.39
午高峰,T_3,CYGY,p,T_3 -> N3 -> TYGY -> N7 -> N8 -> N9 -> N10 -> N11 -> N12 -> XYST -> N28 -> CYGY,7.58
午高峰,T_3,XYST,p,T_3 -> N3 -> TYGY -> N7 -> N8 -> N9 -> N10 -> N11 -> N12 -> XYST,9.7
午高峰,T_3,GYGY,p,T_3 -> N3 -> TYGY -> N7 -> N8 -> N9 -> N10 -> N11 -> N12 -> XYST -> N29 -> GYST -> N31 -> N33 -> N61 -> GYGY,2.71
午高峰,T_3,XYGY,b,T_3 -> N3 -> TYGY -> N7 -> N8 -> N9 -> N10 -> N11 -> N12 -> XYGY,12.64
午高峰,T_3,SYJ,c,T_3 -> N3 -> TYGY -> N7 -> N8 -> N9 -> N10 -> N11 -> N12 -> XYGY -> N13 -> SYJ,12.46
午高峰,T_3,GYST,p,T_3 -> N3 -> TYGY -> N7 -> N8 -> N9 -> N10 -> N11 -> N12 -> XYST -> N28 -> GYST,4.72
午高峰,T_3,CYGY,b,T_3 -> N3 -> TYGY -> N7 -> N8 -> N9 -> N10 -> N11 -> N12 -> XYST -> N28 -> CYGY,2.71
午高峰,T_3,XYST,b,T_3 -> N3 -> TYGY -> N7 -> N8 -> N9 -> N10 -> N11 -> N12 -> XYST,3.47
午高峰,T_3,GYST,b,T_3 -> N3 -> TYGY -> N7 -> N8 -> N9 -> N10 -> N11 -> N12 -> XYST -> N29 -> GYST,1.17
午高峰,T_3,GYGY,c,T_3 -> N3 -> TYGY -> N7 -> N8 -> N9 -> N10 -> N11 -> N12 -> XYST -> N28 -> GYST -> N31 -> N33 -> N60 -> N61 -> GYGY,0.9
午高峰,T_3,XYGY,c,T_3 -> N3 -> TYGY -> N7 -> N8 -> N9 -> N10 -> N11 -> N12 -> XYGY,2.53
午高峰,T_3,CYGY,c,T_3 -> N3 -> TYGY -> N7 -> N8 -> N9 -> N10 -> N11 -> N12 -> XYST -> N28 -> CYGY,0.54
午高峰,T_3,XYST,c,T_3 -> N3 -> TYGY -> N7 -> N8 -> N9 -> N10 -> N11 -> N12 -> XYST,0.69
午高峰,T_3,GYST,c,T_3 -> N3 -> TYGY -> N7 -> N8 -> N9 -> N10 -> N11 -> N12 -> XYST -> N29 -> GYST,0.34
午高峰,T_4,GYGY,p,T_4 -> N14 -> N10 -> N11 -> N12 -> XYST -> N28 -> GYST -> N31 -> N33 -> N61 -> GYGY,5.84
午高峰,T_3,GYGY,p,T_3 -> N3 -> TYGY -> N7 -> N8 -> N9 -> N10 -> N11 -> N12 -> XYST -> N29 -> GYST -> N31 -> N33 -> N60 -> N61 -> GYGY,3.16
午高峰,T_1,XYGY,c,T_1 -> N18 -> N45 -> T_6 -> N44 -> N29 -> XYST -> N12 -> XYGY,2.79
午高峰,T_10,TYST,p,T_10 -> N38 -> T_25 -> N39 -> N40 -> T_8 -> N42 -> T_7 -> N32 -> GYST -> N28 -> XYST -> N30 -> N16 -> T_16 -> N15 -> T_2 -> N14 -> TYST,0.45
午高峰,T_9,TYST,p,T_9 -> N48 -> N49 -> T_7 -> N32 -> GYST -> N28 -> XYST -> N30 -> N16 -> T_16 -> N15 -> T_2 -> N14 -> TYST,0.55
午高峰,T_9,XYGY,c,T_9 -> N48 -> N49 -> T_7 -> N32 -> GYST -> N28 -> XYST -> N12 -> XYGY,0.53
午高峰,T_10,XYGY,c,T_10 -> N38 -> T_25 -> N39 -> N40 -> T_8 -> N42 -> T_7 -> N32 -> GYST -> N29 -> XYST -> N12 -> XYGY,0.5
午高峰,T_25,XYST,c,T_25 -> N39 -> N40 -> T_8 -> N42 -> T_7 -> N32 -> GYST -> N28 -> XYST,0.59
午高峰,T_7,TYST,b,T_7 -> N32 -> GYST -> N29 -> XYST -> N30 -> N16 -> T_16 -> N15 -> T_2 -> N14 -> TYST,1.85
午高峰,T_25,TYST,c,T_25 -> N39 -> N40 -> T_8 -> N42 -> T_7 -> N32 -> GYST -> N29 -> XYST -> N30 -> N16 -> T_16 -> N15 -> T_2 -> N14 -> TYST,0.08
午高峰,T_1,SYJ,b,T_1 -> N18 -> N45 -> T_6 -> N44 -> N29 -> XYST -> N12 -> XYGY -> N13 -> SYJ,48.39
午高峰,T_10,SYJ,p,T_10 -> N38 -> T_25 -> N39 -> N40 -> T_8 -> N42 -> T_7 -> N32 -> GYST -> N28 -> XYST -> N12 -> XYGY -> N13 -> SYJ,7.79
午高峰,T_1,SYJ,p,T_1 -> N18 -> N45 -> T_6 -> N44 -> N29 -> XYST -> N12 -> XYGY -> N13 -> SYJ,34.9
午高峰,T_7,SYJ,b,T_7 -> N32 -> GYST -> N29 -> XYST -> N12 -> XYGY -> N13 -> SYJ,14.96
午高峰,T_8,XYGY,p,T_8 -> N42 -> T_7 -> N32 -> GYST -> N28 -> XYST -> N12 -> XYGY,11.19
午高峰,T_8,TYGY,p,T_8 -> N42 -> T_7 -> N32 -> GYST -> N28 -> XYST -> N30 -> N16 -> T_16 -> N15 -> T_2 -> N14 -> T_4 -> N4 -> TYGY,9.45
午高峰,T_1,XYGY,b,T_1 -> N18 -> N45 -> T_6 -> N44 -> N29 -> XYST -> N12 -> XYGY,11.95
午高峰,T_9,XYST,p,T_9 -> N48 -> N49 -> T_7 -> N32 -> GYST -> N28 -> XYST,3.31
午高峰,T_3,GYGY,b,T_3 -> N3 -> TYGY -> N7 -> N8 -> N9 -> N10 -> N11 -> N12 -> XYST -> N29 -> GYST -> N31 -> N33 -> N60 -> N61 -> GYGY,1.42
午高峰,T_1,SYJ,c,T_1 -> N18 -> N45 -> T_6 -> N44 -> N29 -> XYST -> N12 -> XYGY -> N13 -> SYJ,7.62
午高峰,T_1,XYGY,p,T_1 -> N18 -> N45 -> T_6 -> N44 -> N29 -> XYST -> N12 -> XYGY,8.15
午高峰,T_4,GYGY,c,T_4 -> N14 -> N10 -> N11 -> N12 -> XYST -> N29 -> GYST -> N31 -> N33 -> N61 -> GYGY,0.3
午高峰,T_3,GYST,b,T_3 -> N3 -> TYGY -> N7 -> N8 -> N9 -> N10 -> N11 -> N12 -> XYST -> N28 -> GYST,0.52
午高峰,T_3,GYGY,c,T_3 -> N3 -> TYGY -> N7 -> N8 -> N9 -> N10 -> N11 -> N12 -> XYST -> N29 -> GYST -> N31 -> N33 -> N60 -> N61 -> GYGY,0.77
午高峰,T_10,XYST,b,T_10 -> N38 -> T_25 -> N48 -> N49 -> T_7 -> N32 -> GYST -> N28 -> XYST,0.63
午高峰,T_25,TYGY,c,T_25 -> N48 -> N49 -> T_7 -> N32 -> GYST -> N28 -> XYST -> N30 -> N16 -> T_16 -> N15 -> T_2 -> N14 -> T_4 -> N4 -> TYGY,0.49
午高峰,T_10,TYST,p,T_10 -> N38 -> T_25 -> N48 -> N49 -> T_7 -> N32 -> GYST -> N28 -> XYST -> N30 -> N16 -> T_16 -> N15 -> T_2 -> N14 -> TYST,0.15
午高峰,T_10,XYST,c,T_10 -> N38 -> T_25 -> N48 -> N49 -> T_7 -> N32 -> GYST -> N29 -> XYST,0.11
午高峰,T_10,SYJ,b,T_10 -> N38 -> T_25 -> N48 -> N49 -> T_7 -> N32 -> GYST -> N28 -> XYST -> N12 -> XYGY -> N13 -> SYJ,4.08
午高峰,T_10,SYJ,p,T_10 -> N38 -> T_25 -> N48 -> N49 -> T_7 -> N32 -> GYST -> N28 -> XYST -> N12 -> XYGY -> N13 -> SYJ,2.6
午高峰,T_10,TYGY,b,T_10 -> N38 -> T_25 -> N48 -> N49 -> T_7 -> N32 -> GYST -> N29 -> XYST -> N30 -> N16 -> T_16 -> N15 -> T_2 -> N14 -> T_4 -> N4 -> TYGY,1.28
午高峰,T_10,GYST,p,T_10 -> N38 -> T_25 -> N48 -> N49 -> T_7 -> N32 -> GYST,1.05
午高峰,T_8,SYJ,c,T_8 -> N49 -> T_7 -> N32 -> GYST -> N28 -> XYST -> N12 -> XYGY -> N13 -> SYJ,1.21
午高峰,T_10,XYGY,p,T_10 -> N38 -> T_25 -> N48 -> N49 -> T_7 -> N32 -> GYST -> N29 -> XYST -> N12 -> XYGY,0.44
午高峰,T_8,CYGY,p,T_8 -> N49 -> T_7 -> N32 -> GYST -> N28 -> CYGY,6.98
午高峰,T_25,TYST,b,T_25 -> N48 -> N49 -> T_7 -> N32 -> GYST -> N29 -> XYST -> N30 -> N16 -> T_16 -> N15 -> T_2 -> N14 -> TYST,0.86
午高峰,T_10,XYST,p,T_10 -> N38 -> T_25 -> N48 -> N49 -> T_7 -> N32 -> GYST -> N28 -> XYST,0.4
午高峰,T_10,GYST,b,T_10 -> N38 -> T_25 -> N48 -> N49 -> T_7 -> N32 -> GYST,0.37
午高峰,T_25,CYGY,b,T_25 -> N39 -> N40 -> T_8 -> N49 -> T_7 -> N32 -> GYST -> N28 -> CYGY,0.85
午高峰,T_25,TYST,p,T_25 -> N48 -> N49 -> T_7 -> N32 -> GYST -> N28 -> XYST -> N30 -> N16 -> T_16 -> N15 -> T_2 -> N14 -> TYST,0.27
午高峰,T_8,TYGY,c,T_8 -> N42 -> T_7 -> N32 -> GYST -> N28 -> XYST -> N30 -> N16 -> T_16 -> N15 -> T_2 -> N14 -> T_4 -> N4 -> TYGY,0.27
午高峰,T_25,XYGY,c,T_25 -> N48 -> N49 -> T_7 -> N32 -> GYST -> N29 -> XYST -> N12 -> XYGY,0.26
午高峰,T_6,TYGY,c,T_6 -> N45 -> N18 -> T_1 -> N25 -> N26 -> N27 -> T_2 -> N14 -> T_4 -> N4 -> TYGY,5.9
午高峰,T_25,GYGY,c,T_25 -> N39 -> N40 -> T_8 -> N49 -> T_7 -> N46 -> N33 -> N61 -> GYGY,0.19
午高峰,T_10,CYGY,p,T_10 -> N38 -> T_25 -> N48 -> N49 -> T_7 -> N32 -> GYST -> N28 -> CYGY,0.19
午高峰,T_6,TYST,b,T_6 -> N45 -> N18 -> T_1 -> N25 -> N26 -> N27 -> T_2 -> N14 -> TYST,4.09
午高峰,T_8,CYGY,b,T_8 -> N49 -> T_7 -> N32 -> GYST -> N28 -> CYGY,2.02
午高峰,T_10,TYST,p,T_10 -> N38 -> T_25 -> N48 -> N49 -> T_7 -> N32 -> GYST -> N29 -> XYST -> N30 -> N16 -> T_16 -> N15 -> T_2 -> N14 -> TYST,0.15
午高峰,T_6,TYST,p,T_6 -> N45 -> N18 -> T_1 -> N25 -> N26 -> N27 -> T_2 -> N14 -> TYST,2.6
午高峰,T_8,TYST,p,T_8 -> N49 -> T_7 -> N32 -> GYST -> N28 -> XYST -> N30 -> N16 -> T_16 -> N15 -> T_2 -> N14 -> TYST,1.34
午高峰,T_8,GYGY,c,T_8 -> N49 -> T_7 -> N46 -> N33 -> N61 -> GYGY,0.1
午高峰,T_8,XYST,c,T_8 -> N49 -> T_7 -> N32 -> GYST -> N28 -> XYST,0.98
午高峰,T_6,TYST,c,T_6 -> N45 -> N18 -> T_1 -> N25 -> N26 -> N27 -> T_2 -> N14 -> TYST,0.74
午高峰,T_10,SYJ,b,T_10 -> N38 -> T_25 -> N48 -> N49 -> T_7 -> N32 -> GYST -> N29 -> XYST -> N12 -> XYGY -> N13 -> SYJ,4.08
午高峰,T_9,SYJ,b,T_9 -> N47 -> N46 -> T_7 -> N32 -> GYST -> N29 -> XYST -> N12 -> XYGY -> N13 -> SYJ,53.56
午高峰,T_8,SYJ,b,T_8 -> N49 -> T_7 -> N32 -> GYST -> N28 -> XYST -> N12 -> XYGY -> N13 -> SYJ,36.5
午高峰,T_10,SYJ,p,T_10 -> N38 -> T_9 -> N47 -> N46 -> T_7 -> N32 -> GYST -> N29 -> XYST -> N12 -> XYGY -> N13 -> SYJ,23.37
午高峰,T_9,SYJ,p,T_9 -> N47 -> N46 -> T_7 -> N32 -> GYST -> N29 -> XYST -> N12 -> XYGY -> N13 -> SYJ,29.22
午高峰,T_25,XYGY,b,T_25 -> N39 -> N40 -> T_8 -> N49 -> T_7 -> N32 -> GYST -> N29 -> XYST -> N12 -> XYGY,1.45
午高峰,T_6,TYGY,b,T_6 -> N45 -> N18 -> T_1 -> N25 -> N26 -> N27 -> T_2 -> N14 -> T_4 -> N4 -> TYGY,31.04
午高峰,T_9,TYGY,b,T_9 -> N47 -> N46 -> T_7 -> N32 -> GYST -> N29 -> XYST -> N30 -> N16 -> T_16 -> N15 -> T_2 -> N14 -> T_4 -> N4 -> TYGY,12.13
午高峰,T_10,TYGY,b,T_10 -> N38 -> T_9 -> N47 -> N46 -> T_7 -> N32 -> GYST -> N29 -> XYST -> N30 -> N16 -> T_16 -> N15 -> T_2 -> N14 -> T_4 -> N4 -> TYGY,11.52
午高峰,T_9,GYST,p,T_9 -> N47 -> N46 -> T_7 -> N32 -> GYST,26.07
午高峰,T_10,GYST,p,T_10 -> N38 -> T_9 -> N47 -> N46 -> T_7 -> N32 -> GYST,23.0
午高峰,T_25,GYGY,b,T_25 -> N38 -> T_9 -> N47 -> N46 -> N33 -> N61 -> GYGY,9.33
午高峰,T_6,TYGY,p,T_6 -> N45 -> N18 -> T_1 -> N25 -> N26 -> N27 -> T_2 -> N14 -> T_4 -> N4 -> TYGY,19.76
午高峰,T_9,TYGY,p,T_9 -> N47 -> N46 -> T_7 -> N32 -> GYST -> N28 -> XYST -> N30 -> N16 -> T_16 -> N15 -> T_2 -> N14 -> T_4 -> N4 -> TYGY,7.72
午高峰,T_9,XYST,p,T_9 -> N47 -> N46 -> T_7 -> N32 -> GYST -> N28 -> XYST,10.76
午高峰,T_10,TYGY,p,T_10 -> N38 -> T_9 -> N47 -> N46 -> T_7 -> N32 -> GYST -> N29 -> XYST -> N30 -> N16 -> T_16 -> N15 -> T_2 -> N14 -> T_4 -> N4 -> TYGY,5.7
午高峰,T_7,XYST,p,T_7 -> N32 -> GYST -> N28 -> XYST,7.15
午高峰,T_10,SYJ,c,T_10 -> N38 -> T_9 -> N47 -> N46 -> T_7 -> N32 -> GYST -> N29 -> XYST -> N12 -> XYGY -> N13 -> SYJ,14.1
午高峰,T_9,XYGY,b,T_9 -> N47 -> N46 -> T_7 -> N32 -> GYST -> N28 -> XYST -> N12 -> XYGY,13.79
午高峰,T_9,SYJ,c,T_9 -> N47 -> N46 -> T_7 -> N32 -> GYST -> N28 -> XYST -> N12 -> XYGY -> N13 -> SYJ,13.22
午高峰,T_10,XYGY,b,T_10 -> N38 -> T_9 -> N47 -> N46 -> T_7 -> N32 -> GYST -> N29 -> XYST -> N12 -> XYGY,13.1
午高峰,T_25,GYGY,p,T_25 -> N38 -> T_9 -> N47 -> N46 -> N33 -> N61 -> GYGY,11.88
午高峰,T_10,XYST,b,T_10 -> N38 -> T_9 -> N47 -> N46 -> T_7 -> N32 -> GYST -> N29 -> XYST,12.57
午高峰,T_8,GYGY,b,T_8 -> N49 -> T_7 -> N46 -> N33 -> N61 -> GYGY,9.71
午高峰,T_25,TYGY,c,T_25 -> N39 -> N40 -> T_8 -> N49 -> T_7 -> N32 -> GYST -> N28 -> XYST -> N30 -> N16 -> T_16 -> N15 -> T_2 -> N14 -> T_4 -> N4 -> TYGY,0.49
午高峰,T_9,XYGY,p,T_9 -> N47 -> N46 -> T_7 -> N32 -> GYST -> N29 -> XYST -> N12 -> XYGY,6.47
午高峰,T_10,XYGY,p,T_10 -> N38 -> T_9 -> N47 -> N46 -> T_7 -> N32 -> GYST -> N29 -> XYST -> N12 -> XYGY,6.14
午高峰,T_9,GYST,b,T_9 -> N47 -> N46 -> T_7 -> N32 -> GYST,9.31
午高峰,T_10,XYST,p,T_10 -> N38 -> T_9 -> N47 -> N46 -> T_7 -> N32 -> GYST -> N28 -> XYST,6.4
午高峰,T_9,CYGY,p,T_9 -> N47 -> N46 -> T_7 -> N32 -> GYST -> N28 -> CYGY,8.71
午高峰,T_10,GYST,b,T_10 -> N38 -> T_9 -> N47 -> N46 -> T_7 -> N32 -> GYST,8.22
午高峰,T_8,XYGY,b,T_8 -> N42 -> T_7 -> N32 -> GYST -> N29 -> XYST -> N12 -> XYGY,1.82
午高峰,T_8,XYST,b,T_8 -> N42 -> T_7 -> N32 -> GYST -> N28 -> XYST,1.22
午高峰,T_9,XYST,b,T_9 -> N47 -> N46 -> T_7 -> N32 -> GYST -> N29 -> XYST,3.84
午高峰,T_10,CYGY,b,T_10 -> N38 -> T_9 -> N47 -> N46 -> T_7 -> N32 -> GYST -> N28 -> CYGY,6.5
午高峰,T_25,XYGY,c,T_25 -> N39 -> N40 -> T_8 -> N49 -> T_7 -> N32 -> GYST -> N28 -> XYST -> N12 -> XYGY,0.26
午高峰,T_9,TYGY,c,T_9 -> N47 -> N46 -> T_7 -> N32 -> GYST -> N29 -> XYST -> N30 -> N16 -> T_16 -> N15 -> T_2 -> N14 -> T_4 -> N4 -> TYGY,2.21
午高峰,T_10,TYST,b,T_10 -> N38 -> T_9 -> N47 -> N46 -> T_7 -> N32 -> GYST -> N28 -> XYST -> N30 -> N16 -> T_16 -> N15 -> T_2 -> N14 -> TYST,3.32
午高峰,T_10,TYGY,c,T_10 -> N38 -> T_9 -> N47 -> N46 -> T_7 -> N32 -> GYST -> N28 -> XYST -> N30 -> N16 -> T_16 -> N15 -> T_2 -> N14 -> T_4 -> N4 -> TYGY,2.09
午高峰,T_9,TYST,b,T_9 -> N47 -> N46 -> T_7 -> N32 -> GYST -> N29 -> XYST -> N30 -> N16 -> T_16 -> N15 -> T_2 -> N14 -> TYST,3.21
午高峰,T_25,GYGY,c,T_25 -> N38 -> T_9 -> N47 -> N46 -> N33 -> N60 -> N61 -> GYGY,1.89
午高峰,T_10,CYGY,p,T_10 -> N38 -> T_9 -> N47 -> N46 -> T_7 -> N32 -> GYST -> N28 -> CYGY,4.14
午高峰,T_10,TYST,p,T_10 -> N38 -> T_9 -> N47 -> N46 -> T_7 -> N32 -> GYST -> N28 -> XYST -> N30 -> N16 -> T_16 -> N15 -> T_2 -> N14 -> TYST,1.21
午高峰,T_9,CYGY,b,T_9 -> N47 -> N46 -> T_7 -> N32 -> GYST -> N28 -> CYGY,3.11
午高峰,T_9,TYST,p,T_9 -> N47 -> N46 -> T_7 -> N32 -> GYST -> N28 -> XYST -> N30 -> N16 -> T_16 -> N15 -> T_2 -> N14 -> TYST,1.09
午高峰,T_9,XYGY,c,T_9 -> N47 -> N46 -> T_7 -> N32 -> GYST -> N28 -> XYST -> N12 -> XYGY,1.19
午高峰,T_10,XYGY,c,T_10 -> N38 -> T_9 -> N47 -> N46 -> T_7 -> N32 -> GYST -> N29 -> XYST -> N12 -> XYGY,1.5
午高峰,T_25,XYST,c,T_25 -> N48 -> N49 -> T_7 -> N32 -> GYST -> N28 -> XYST,0.12
午高峰,T_10,XYST,c,T_10 -> N38 -> T_9 -> N47 -> N46 -> T_7 -> N32 -> GYST -> N28 -> XYST,1.26
午高峰,T_9,GYST,c,T_9 -> N47 -> N46 -> T_7 -> N32 -> GYST,1.86
午高峰,T_10,GYST,c,T_10 -> N38 -> T_9 -> N47 -> N46 -> T_7 -> N32 -> GYST,1.64
午高峰,T_9,XYST,c,T_9 -> N47 -> N46 -> T_7 -> N32 -> GYST -> N28 -> XYST,0.71
午高峰,T_10,CYGY,c,T_10 -> N38 -> T_9 -> N47 -> N46 -> T_7 -> N32 -> GYST -> N28 -> CYGY,1.18
午高峰,T_10,TYST,c,T_10 -> N38 -> T_9 -> N47 -> N46 -> T_7 -> N32 -> GYST -> N29 -> XYST -> N30 -> N16 -> T_16 -> N15 -> T_2 -> N14 -> TYST,0.6
午高峰,T_9,TYST,c,T_9 -> N47 -> N46 -> T_7 -> N32 -> GYST -> N28 -> XYST -> N30 -> N16 -> T_16 -> N15 -> T_2 -> N14 -> TYST,0.12
午高峰,T_9,CYGY,c,T_9 -> N47 -> N46 -> T_7 -> N32 -> GYST -> N28 -> CYGY,0.62
午高峰,T_10,SYJ,b,T_10 -> N38 -> T_9 -> N47 -> N46 -> T_7 -> N32 -> GYST -> N28 -> XYST -> N12 -> XYGY -> N13 -> SYJ,69.38
午高峰,T_9,SYJ,b,T_9 -> N47 -> N46 -> T_7 -> N32 -> GYST -> N28 -> XYST -> N12 -> XYGY -> N13 -> SYJ,30.61
午高峰,T_10,SYJ,p,T_10 -> N38 -> T_9 -> N47 -> N46 -> T_7 -> N32 -> GYST -> N28 -> XYST -> N12 -> XYGY -> N13 -> SYJ,33.76
午高峰,T_25,GYST,p,T_25 -> N39 -> N41 -> T_8 -> N49 -> T_7 -> N32 -> GYST,40.29
午高峰,T_2,SYJ,p,T_2 -> N14 -> N10 -> N11 -> N12 -> XYGY -> N13 -> SYJ,42.25
午高峰,T_8,SYJ,p,T_8 -> N49 -> T_7 -> N32 -> GYST -> N28 -> XYST -> N12 -> XYGY -> N13 -> SYJ,25.34
午高峰,T_25,TYGY,p,T_25 -> N39 -> N41 -> T_8 -> N42 -> T_7 -> N32 -> GYST -> N29 -> XYST -> N30 -> N16 -> T_16 -> N15 -> T_2 -> N14 -> T_4 -> N4 -> TYGY,15.44
午高峰,T_25,XYST,p,T_25 -> N39 -> N41 -> T_8 -> N49 -> T_7 -> N32 -> GYST -> N29 -> XYST,21.51
午高峰,T_8,TYGY,b,T_8 -> N49 -> T_7 -> N32 -> GYST -> N28 -> XYST -> N30 -> N16 -> T_16 -> N15 -> T_2 -> N14 -> T_4 -> N4 -> TYGY,11.88
午高峰,T_25,XYGY,b,T_25 -> N39 -> N41 -> T_8 -> N42 -> T_7 -> N32 -> GYST -> N29 -> XYST -> N12 -> XYGY,13.07
午高峰,T_2,XYGY,p,T_2 -> N14 -> N10 -> N11 -> N12 -> XYGY,24.08
午高峰,T_25,SYJ,c,T_25 -> N39 -> N41 -> T_8 -> N49 -> T_7 -> N32 -> GYST -> N28 -> XYST -> N12 -> XYGY -> N13 -> SYJ,12.52
午高峰,T_25,GYGY,b,T_25 -> N38 -> T_9 -> N47 -> N46 -> N33 -> N60 -> N61 -> GYGY,13.48
午高峰,T_25,XYGY,p,T_25 -> N39 -> N41 -> T_8 -> N42 -> T_7 -> N32 -> GYST -> N28 -> XYST -> N12 -> XYGY,5.54
午高峰,T_25,GYST,b,T_25 -> N39 -> N41 -> T_8 -> N42 -> T_7 -> N32 -> GYST,13.54
午高峰,T_2,GYGY,b,T_2 -> N14 -> N10 -> N11 -> N12 -> XYST -> N28 -> GYST -> N31 -> N33 -> N61 -> GYGY,0.79
午高峰,T_2,SYJ,b,T_2 -> N14 -> N10 -> N11 -> N12 -> XYGY -> N13 -> SYJ,14.29
午高峰,T_25,CYGY,p,T_25 -> N39 -> N41 -> T_8 -> N42 -> T_7 -> N32 -> GYST -> N28 -> CYGY,11.09
午高峰,T_2,CYGY,p,T_2 -> N14 -> N10 -> N11 -> N12 -> XYST -> N28 -> CYGY,2.43
午高峰,T_25,XYST,b,T_25 -> N39 -> N41 -> T_8 -> N49 -> T_7 -> N32 -> GYST -> N29 -> XYST,7.68
午高峰,T_8,GYST,b,T_8 -> N49 -> T_7 -> N32 -> GYST,8.46
午高峰,T_2,XYST,p,T_2 -> N14 -> N10 -> N11 -> N12 -> XYST,4.09
午高峰,T_2,XYGY,b,T_2 -> N14 -> N10 -> N11 -> N12 -> XYGY,10.12
午高峰,T_2,GYGY,p,T_2 -> N14 -> N10 -> N11 -> N12 -> XYST -> N29 -> GYST -> N31 -> N33 -> N61 -> GYGY,0.51
午高峰,T_25,TYGY,c,T_25 -> N39 -> N41 -> T_8 -> N42 -> T_7 -> N32 -> GYST -> N28 -> XYST -> N30 -> N16 -> T_16 -> N15 -> T_2 -> N14 -> T_4 -> N4 -> TYGY,3.92
午高峰,T_25,TYST,b,T_25 -> N39 -> N41 -> T_8 -> N49 -> T_7 -> N32 -> GYST -> N29 -> XYST -> N30 -> N16 -> T_16 -> N15 -> T_2 -> N14 -> TYST,4.71
午高峰,T_8,GYGY,p,T_8 -> N49 -> T_7 -> N46 -> N33 -> N60 -> N61 -> GYGY,3.27
午高峰,T_8,XYGY,b,T_8 -> N49 -> T_7 -> N32 -> GYST -> N29 -> XYST -> N12 -> XYGY,4.36
午高峰,T_8,XYST,b,T_8 -> N49 -> T_7 -> N32 -> GYST -> N28 -> XYST,4.57
午高峰,T_2,GYST,p,T_2 -> N14 -> N10 -> N11 -> N12 -> XYST -> N29 -> GYST,0.29
午高峰,T_25,CYGY,b,T_25 -> N39 -> N41 -> T_8 -> N49 -> T_7 -> N32 -> GYST -> N28 -> CYGY,4.81
午高峰,T_25,TYST,p,T_25 -> N39 -> N41 -> T_8 -> N49 -> T_7 -> N32 -> GYST -> N28 -> XYST -> N30 -> N16 -> T_16 -> N15 -> T_2 -> N14 -> TYST,1.36
午高峰,T_25,XYGY,c,T_25 -> N39 -> N41 -> T_8 -> N49 -> T_7 -> N32 -> GYST -> N28 -> XYST -> N12 -> XYGY,3.17
午高峰,T_9,TYGY,c,T_9 -> N47 -> N46 -> T_7 -> N32 -> GYST -> N28 -> XYST -> N30 -> N16 -> T_16 -> N15 -> T_2 -> N14 -> T_4 -> N4 -> TYGY,0.74
午高峰,T_10,TYST,b,T_10 -> N38 -> T_9 -> N47 -> N46 -> T_7 -> N32 -> GYST -> N29 -> XYST -> N30 -> N16 -> T_16 -> N15 -> T_2 -> N14 -> TYST,1.9
午高峰,T_10,TYGY,c,T_10 -> N38 -> T_9 -> N47 -> N46 -> T_7 -> N32 -> GYST -> N29 -> XYST -> N30 -> N16 -> T_16 -> N15 -> T_2 -> N14 -> T_4 -> N4 -> TYGY,0.7
午高峰,T_2,CYGY,b,T_2 -> N14 -> N10 -> N11 -> N12 -> XYST -> N28 -> CYGY,0.87
午高峰,T_9,TYST,b,T_9 -> N47 -> N46 -> T_7 -> N32 -> GYST -> N28 -> XYST -> N30 -> N16 -> T_16 -> N15 -> T_2 -> N14 -> TYST,1.5
午高峰,T_25,GYGY,c,T_25 -> N38 -> T_9 -> N47 -> N46 -> N33 -> N61 -> GYGY,2.07
午高峰,T_2,XYST,b,T_2 -> N14 -> N10 -> N11 -> N12 -> XYST,1.46
午高峰,T_8,TYST,b,T_8 -> N49 -> T_7 -> N32 -> GYST -> N29 -> XYST -> N30 -> N16 -> T_16 -> N15 -> T_2 -> N14 -> TYST,1.58
午高峰,T_25,GYST,c,T_25 -> N39 -> N41 -> T_8 -> N49 -> T_7 -> N32 -> GYST,1.18
午高峰,T_2,SYJ,c,T_2 -> N14 -> N10 -> N11 -> N12 -> XYGY -> N13 -> SYJ,2.86
午高峰,T_10,TYST,p,T_10 -> N38 -> T_9 -> N47 -> N46 -> T_7 -> N32 -> GYST -> N29 -> XYST -> N30 -> N16 -> T_16 -> N15 -> T_2 -> N14 -> TYST,2.11
午高峰,T_2,GYGY,c,T_2 -> N14 -> N10 -> N11 -> N12 -> XYST -> N29 -> GYST -> N31 -> N33 -> N61 -> GYGY,0.14
午高峰,T_9,TYST,p,T_9 -> N47 -> N46 -> T_7 -> N32 -> GYST -> N29 -> XYST -> N30 -> N16 -> T_16 -> N15 -> T_2 -> N14 -> TYST,1.91
午高峰,T_9,XYGY,c,T_9 -> N47 -> N46 -> T_7 -> N32 -> GYST -> N29 -> XYST -> N12 -> XYGY,1.72
午高峰,T_10,XYGY,c,T_10 -> N38 -> T_9 -> N47 -> N46 -> T_7 -> N32 -> GYST -> N28 -> XYST -> N12 -> XYGY,1.25
午高峰,T_25,XYST,c,T_25 -> N39 -> N41 -> T_8 -> N42 -> T_7 -> N32 -> GYST -> N29 -> XYST,0.47
午高峰,T_10,XYST,c,T_10 -> N38 -> T_9 -> N47 -> N46 -> T_7 -> N32 -> GYST -> N29 -> XYST,1.26
午高峰,T_8,GYST,c,T_8 -> N49 -> T_7 -> N32 -> GYST,2.22
午高峰,T_2,GYST,b,T_2 -> N14 -> N10 -> N11 -> N12 -> XYST -> N29 -> GYST,0.1
午高峰,T_2,XYGY,c,T_2 -> N14 -> N10 -> N11 -> N12 -> XYGY,1.82
午高峰,T_25,TYST,c,T_25 -> N39 -> N41 -> T_8 -> N49 -> T_7 -> N32 -> GYST -> N28 -> XYST -> N30 -> N16 -> T_16 -> N15 -> T_2 -> N14 -> TYST,0.78
午高峰,T_25,CYGY,c,T_25 -> N39 -> N41 -> T_8 -> N42 -> T_7 -> N32 -> GYST -> N28 -> CYGY,1.07
午高峰,T_2,CYGY,c,T_2 -> N14 -> N10 -> N11 -> N12 -> XYST -> N28 -> CYGY,0.17
午高峰,T_10,TYST,c,T_10 -> N38 -> T_9 -> N47 -> N46 -> T_7 -> N32 -> GYST -> N28 -> XYST -> N30 -> N16 -> T_16 -> N15 -> T_2 -> N14 -> TYST,0.34
午高峰,T_9,TYST,c,T_9 -> N47 -> N46 -> T_7 -> N32 -> GYST -> N29 -> XYST -> N30 -> N16 -> T_16 -> N15 -> T_2 -> N14 -> TYST,0.74
午高峰,T_2,XYST,c,T_2 -> N14 -> N10 -> N11 -> N12 -> XYST,0.29
午高峰,T_8,TYST,c,T_8 -> N49 -> T_7 -> N32 -> GYST -> N29 -> XYST -> N30 -> N16 -> T_16 -> N15 -> T_2 -> N14 -> TYST,0.51
午高峰,T_8,CYGY,c,T_8 -> N49 -> T_7 -> N32 -> GYST -> N28 -> CYGY,0.59
午高峰,T_2,GYST,c,T_2 -> N14 -> N10 -> N11 -> N12 -> XYST -> N29 -> GYST,0.02
午高峰,T_4,GYST,c,T_4 -> N14 -> N10 -> N11 -> N12 -> XYST -> N28 -> GYST,0.13
午高峰,T_25,SYJ,b,T_25 -> N39 -> N41 -> T_8 -> N42 -> T_7 -> N32 -> GYST -> N28 -> XYST -> N12 -> XYGY -> N13 -> SYJ,30.61
午高峰,T_25,SYJ,p,T_25 -> N39 -> N41 -> T_8 -> N49 -> T_7 -> N32 -> GYST -> N29 -> XYST -> N12 -> XYGY -> N13 -> SYJ,19.48
午高峰,T_10,SYJ,b,T_10 -> N38 -> T_9 -> N47 -> N46 -> T_7 -> N32 -> GYST -> N29 -> XYST -> N12 -> XYGY -> N13 -> SYJ,16.32
午高峰,T_25,TYGY,b,T_25 -> N39 -> N41 -> T_8 -> N49 -> T_7 -> N32 -> GYST -> N28 -> XYST -> N30 -> N16 -> T_16 -> N15 -> T_2 -> N14 -> T_4 -> N4 -> TYGY,16.18
午高峰,T_8,SYJ,p,T_8 -> N49 -> T_7 -> N32 -> GYST -> N29 -> XYST -> N12 -> XYGY -> N13 -> SYJ,16.89
午高峰,T_25,XYGY,p,T_25 -> N39 -> N41 -> T_8 -> N42 -> T_7 -> N32 -> GYST -> N29 -> XYST -> N12 -> XYGY,7.39
午高峰,T_4,GYGY,b,T_4 -> N14 -> N10 -> N11 -> N12 -> XYST -> N28 -> GYST -> N31 -> N33 -> N61 -> GYGY,3.34
午高峰,T_2,GYGY,b,T_2 -> N14 -> N10 -> N11 -> N12 -> XYST -> N28 -> GYST -> N31 -> N33 -> N60 -> N61 -> GYGY,0.79
午高峰,T_3,GYGY,b,T_3 -> N3 -> TYGY -> N7 -> N8 -> N9 -> N10 -> N11 -> N12 -> XYST -> N29 -> GYST -> N31 -> N33 -> N61 -> GYGY,0.71
午高峰,T_25,GYGY,p,T_25 -> N38 -> T_9 -> N47 -> N46 -> N33 -> N60 -> N61 -> GYGY,2.64
午高峰,T_8,GYGY,b,T_8 -> N49 -> T_7 -> N46 -> N33 -> N60 -> N61 -> GYGY,1.14
午高峰,T_2,GYGY,p,T_2 -> N27 -> N26 -> N25 -> T_1 -> N18 -> N45 -> T_6 -> N44 -> N29 -> GYST -> N31 -> N33 -> N61 -> GYGY,1.52
午高峰,T_2,GYST,p,T_2 -> N27 -> N26 -> N25 -> T_1 -> N18 -> N45 -> T_6 -> N44 -> N29 -> GYST,2.6
午高峰,T_25,TYST,p,T_25 -> N39 -> N41 -> T_8 -> N49 -> T_7 -> N32 -> GYST -> N29 -> XYST -> N30 -> N16 -> T_16 -> N15 -> T_2 -> N14 -> TYST,2.45
午高峰,T_8,TYST,b,T_8 -> N49 -> T_7 -> N32 -> GYST -> N28 -> XYST -> N30 -> N16 -> T_16 -> N15 -> T_2 -> N14 -> TYST,2.11
午高峰,T_25,GYST,c,T_25 -> N39 -> N41 -> T_8 -> N42 -> T_7 -> N32 -> GYST,1.86
午高峰,T_2,GYGY,c,T_2 -> N27 -> N26 -> N25 -> T_1 -> N18 -> N45 -> T_6 -> N44 -> N29 -> GYST -> N31 -> N33 -> N61 -> GYGY,1.01
午高峰,T_25,XYST,c,T_25 -> N39 -> N41 -> T_8 -> N49 -> T_7 -> N32 -> GYST -> N28 -> XYST,0.59
午高峰,T_2,GYST,b,T_2 -> N27 -> N26 -> N25 -> T_1 -> N18 -> N45 -> T_6 -> N44 -> N29 -> GYST,1.24
午高峰,T_2,GYST,c,T_2 -> N27 -> N26 -> N25 -> T_1 -> N18 -> N45 -> T_6 -> N44 -> N29 -> GYST,0.19
午高峰,T_2,GYGY,b,T_2 -> N27 -> N26 -> N25 -> T_1 -> N18 -> N45 -> T_6 -> N44 -> N29 -> GYST -> N31 -> N33 -> N60 -> N61 -> GYGY,3.18
午高峰,T_2,GYGY,p,T_2 -> N27 -> N26 -> N25 -> T_1 -> N18 -> N45 -> T_6 -> N44 -> N29 -> GYST -> N31 -> N33 -> N60 -> N61 -> GYGY,4.05
午高峰,T_8,TYST,p,T_8 -> N49 -> T_7 -> N32 -> GYST -> N29 -> XYST -> N30 -> N16 -> T_16 -> N15 -> T_2 -> N14 -> TYST,1.12
午高峰,T_25,SYJ,b,T_25 -> N39 -> N41 -> T_8 -> N42 -> T_7 -> N32 -> GYST -> N29 -> XYST -> N12 -> XYGY -> N13 -> SYJ,91.82
午高峰,T_25,SYJ,p,T_25 -> N39 -> N41 -> T_8 -> N49 -> T_7 -> N32 -> GYST -> N28 -> XYST -> N12 -> XYGY -> N13 -> SYJ,29.22
午高峰,T_8,SYJ,b,T_8 -> N49 -> T_7 -> N32 -> GYST -> N29 -> XYST -> N12 -> XYGY -> N13 -> SYJ,19.91
午高峰,T_25,XYST,c,T_25 -> N39 -> N41 -> T_8 -> N49 -> T_7 -> N32 -> GYST -> N29 -> XYST,0.95
午高峰,T_3,GYGY,b,T_3 -> N3 -> TYGY -> N7 -> N8 -> N9 -> N10 -> N11 -> N12 -> XYST -> N28 -> GYST -> N31 -> N33 -> N61 -> GYGY,0.71
午高峰,T_2,CYGY,p,T_2 -> N27 -> N26 -> N25 -> T_1 -> N18 -> N45 -> T_6 -> N44 -> N28 -> CYGY,10.32
午高峰,T_2,CYGY,b,T_2 -> N27 -> N26 -> N25 -> T_1 -> N18 -> N45 -> T_6 -> N44 -> N28 -> CYGY,3.69
午高峰,T_2,CYGY,c,T_2 -> N27 -> N26 -> N25 -> T_1 -> N18 -> N45 -> T_6 -> N44 -> N28 -> CYGY,0.74
午高峰,T_2,GYGY,b,T_2 -> N27 -> N26 -> N25 -> T_1 -> N18 -> N45 -> T_6 -> N44 -> N29 -> GYST -> N31 -> N33 -> N61 -> GYGY,3.97
午高峰,T_8,GYGY,p,T_8 -> N49 -> T_7 -> N46 -> N33 -> N61 -> GYGY,2.54
午高峰,T_8,TYST,c,T_8 -> N49 -> T_7 -> N32 -> GYST -> N28 -> XYST -> N30 -> N16 -> T_16 -> N15 -> T_2 -> N14 -> TYST,0.1
午高峰,T_9,TYGY,p,T_9 -> N47 -> N46 -> T_7 -> N32 -> GYST -> N29 -> XYST -> N30 -> N16 -> T_16 -> N15 -> T_2 -> N14 -> T_4 -> N4 -> TYGY,2.57
午高峰,T_10,TYGY,p,T_10 -> N38 -> T_9 -> N47 -> N46 -> T_7 -> N32 -> GYST -> N28 -> XYST -> N30 -> N16 -> T_16 -> N15 -> T_2 -> N14 -> T_4 -> N4 -> TYGY,4.07
午高峰,T_10,SYJ,c,T_10 -> N38 -> T_9 -> N47 -> N46 -> T_7 -> N32 -> GYST -> N28 -> XYST -> N12 -> XYGY -> N13 -> SYJ,2.23
午高峰,T_9,XYGY,b,T_9 -> N47 -> N46 -> T_7 -> N32 -> GYST -> N29 -> XYST -> N12 -> XYGY,2.18
午高峰,T_3,GYGY,b,T_3 -> N5 -> N6 -> N17 -> N24 -> T_1 -> N18 -> N45 -> T_6 -> N44 -> N29 -> GYST -> N31 -> N33 -> N60 -> N61 -> GYGY,2.13
午高峰,T_9,SYJ,c,T_9 -> N47 -> N46 -> T_7 -> N32 -> GYST -> N29 -> XYST -> N12 -> XYGY -> N13 -> SYJ,2.09
午高峰,T_10,XYGY,b,T_10 -> N38 -> T_9 -> N47 -> N46 -> T_7 -> N32 -> GYST -> N28 -> XYST -> N12 -> XYGY,2.07
午高峰,T_3,GYGY,p,T_3 -> N5 -> N6 -> N17 -> N24 -> T_1 -> N18 -> N45 -> T_6 -> N44 -> N29 -> GYST -> N31 -> N33 -> N61 -> GYGY,1.35
午高峰,T_8,XYGY,b,T_8 -> N49 -> T_7 -> N32 -> GYST -> N28 -> XYST -> N12 -> XYGY,1.45
午高峰,T_3,GYST,p,T_3 -> N5 -> N6 -> N17 -> N24 -> T_1 -> N18 -> N45 -> T_6 -> N44 -> N29 -> GYST,2.18
午高峰,T_8,XYST,b,T_8 -> N49 -> T_7 -> N32 -> GYST -> N29 -> XYST,0.91
午高峰,T_25,TYST,p,T_25 -> N39 -> N41 -> T_8 -> N42 -> T_7 -> N32 -> GYST -> N29 -> XYST -> N30 -> N16 -> T_16 -> N15 -> T_2 -> N14 -> TYST,1.64
午高峰,T_8,TYGY,c,T_8 -> N49 -> T_7 -> N32 -> GYST -> N29 -> XYST -> N30 -> N16 -> T_16 -> N15 -> T_2 -> N14 -> T_4 -> N4 -> TYGY,0.81
午高峰,T_25,XYGY,c,T_25 -> N39 -> N41 -> T_8 -> N42 -> T_7 -> N32 -> GYST -> N28 -> XYST -> N12 -> XYGY,2.11
午高峰,T_3,GYST,b,T_3 -> N5 -> N6 -> N17 -> N24 -> T_1 -> N18 -> N45 -> T_6 -> N44 -> N29 -> GYST,0.65
午高峰,T_3,GYGY,c,T_3 -> N5 -> N6 -> N17 -> N24 -> T_1 -> N18 -> N45 -> T_6 -> N44 -> N29 -> GYST -> N31 -> N33 -> N61 -> GYGY,0.13
午高峰,T_25,XYST,c,T_25 -> N39 -> N41 -> T_8 -> N42 -> T_7 -> N32 -> GYST -> N28 -> XYST,0.35
午高峰,T_25,CYGY,c,T_25 -> N39 -> N41 -> T_8 -> N49 -> T_7 -> N32 -> GYST -> N28 -> CYGY,0.06
午高峰,T_3,GYST,c,T_3 -> N5 -> N6 -> N17 -> N24 -> T_1 -> N18 -> N45 -> T_6 -> N44 -> N29 -> GYST,0.18
午高峰,T_25,SYJ,b,T_25 -> N39 -> N41 -> T_8 -> N49 -> T_7 -> N32 -> GYST -> N29 -> XYST -> N12 -> XYGY -> N13 -> SYJ,22.96
午高峰,T_25,SYJ,p,T_25 -> N39 -> N41 -> T_8 -> N42 -> T_7 -> N32 -> GYST -> N28 -> XYST -> N12 -> XYGY -> N13 -> SYJ,14.61
午高峰,T_10,XYST,b,T_10 -> N38 -> T_9 -> N47 -> N46 -> T_7 -> N32 -> GYST -> N28 -> XYST,1.26
午高峰,T_25,XYST,b,T_25 -> N39 -> N41 -> T_8 -> N49 -> T_7 -> N32 -> GYST -> N28 -> XYST,4.14
午高峰,T_3,CYGY,p,T_3 -> N5 -> N6 -> N17 -> N24 -> T_1 -> N18 -> N45 -> T_6 -> N44 -> N28 -> CYGY,7.58
午高峰,T_9,XYGY,p,T_9 -> N47 -> N46 -> T_7 -> N32 -> GYST -> N28 -> XYST -> N12 -> XYGY,3.7
午高峰,T_10,XYGY,p,T_10 -> N38 -> T_9 -> N47 -> N46 -> T_7 -> N32 -> GYST -> N28 -> XYST -> N12 -> XYGY,3.51
午高峰,T_25,TYST,b,T_25 -> N39 -> N41 -> T_8 -> N49 -> T_7 -> N32 -> GYST -> N28 -> XYST -> N30 -> N16 -> T_16 -> N15 -> T_2 -> N14 -> TYST,1.29
午高峰,T_9,XYST,b,T_9 -> N47 -> N46 -> T_7 -> N32 -> GYST -> N28 -> XYST,2.66
午高峰,T_3,CYGY,b,T_3 -> N5 -> N6 -> N17 -> N24 -> T_1 -> N18 -> N45 -> T_6 -> N44 -> N28 -> CYGY,2.71
午高峰,T_3,GYGY,c,T_3 -> N5 -> N6 -> N17 -> N24 -> T_1 -> N18 -> N45 -> T_6 -> N44 -> N29 -> GYST -> N31 -> N33 -> N60 -> N61 -> GYGY,0.13
午高峰,T_3,CYGY,c,T_3 -> N5 -> N6 -> N17 -> N24 -> T_1 -> N18 -> N45 -> T_6 -> N44 -> N28 -> CYGY,0.54
午高峰,T_3,GYST,c,T_3 -> N5 -> N6 -> N17 -> N24 -> T_1 -> N18 -> N45 -> T_6 -> N44 -> N28 -> GYST,0.21
午高峰,T_2,GYST,c,T_2 -> N27 -> N26 -> N25 -> T_1 -> N18 -> N45 -> T_6 -> N44 -> N28 -> GYST,0.23
午高峰,T_6,SYJ,p,T_6 -> N44 -> N28 -> XYST -> N12 -> XYGY -> N13 -> SYJ,49.89
午高峰,T_1,SYJ,b,T_1 -> N18 -> N45 -> T_6 -> N44 -> N28 -> XYST -> N12 -> XYGY -> N13 -> SYJ,35.48
午高峰,T_25,TYGY,b,T_25 -> N39 -> N41 -> T_8 -> N49 -> T_7 -> N32 -> GYST -> N29 -> XYST -> N30 -> N16 -> T_16 -> N15 -> T_2 -> N14 -> T_4 -> N4 -> TYGY,8.09
午高峰,T_9,SYJ,p,T_9 -> N47 -> N46 -> T_7 -> N32 -> GYST -> N28 -> XYST -> N12 -> XYGY -> N13 -> SYJ,24.35
午高峰,T_1,SYJ,p,T_1 -> N18 -> N45 -> T_6 -> N44 -> N28 -> XYST -> N12 -> XYGY -> N13 -> SYJ,18.47
午高峰,T_16,GYGY,b,T_16 -> N16 -> N18 -> N45 -> T_6 -> N44 -> N28 -> GYST -> N31 -> N33 -> N61 -> GYGY,11.36
午高峰,T_6,SYJ,b,T_6 -> N44 -> N28 -> XYST -> N12 -> XYGY -> N13 -> SYJ,17.82
午高峰,T_16,GYST,p,T_16 -> N16 -> N18 -> N45 -> T_6 -> N44 -> N28 -> GYST,19.19
午高峰,T_8,TYGY,b,T_8 -> N49 -> T_7 -> N32 -> GYST -> N29 -> XYST -> N30 -> N16 -> T_16 -> N15 -> T_2 -> N14 -> T_4 -> N4 -> TYGY,4.45
午高峰,T_25,XYGY,b,T_25 -> N39 -> N41 -> T_8 -> N42 -> T_7 -> N32 -> GYST -> N28 -> XYST -> N12 -> XYGY,8.71
午高峰,T_16,CYGY,p,T_16 -> N16 -> N18 -> N45 -> T_6 -> N44 -> N28 -> CYGY,18.79
午高峰,T_25,SYJ,c,T_25 -> N39 -> N41 -> T_8 -> N49 -> T_7 -> N32 -> GYST -> N29 -> XYST -> N12 -> XYGY -> N13 -> SYJ,8.35
午高峰,T_9,TYGY,b,T_9 -> N47 -> N46 -> T_7 -> N32 -> GYST -> N28 -> XYST -> N30 -> N16 -> T_16 -> N15 -> T_2 -> N14 -> T_4 -> N4 -> TYGY,4.04
午高峰,T_10,TYGY,b,T_10 -> N38 -> T_9 -> N47 -> N46 -> T_7 -> N32 -> GYST -> N28 -> XYST -> N30 -> N16 -> T_16 -> N15 -> T_2 -> N14 -> T_4 -> N4 -> TYGY,3.84
午高峰,T_16,GYGY,p,T_16 -> N16 -> N18 -> N45 -> T_6 -> N44 -> N28 -> GYST -> N31 -> N33 -> N60 -> N61 -> GYGY,9.64
午高峰,T_7,XYGY,p,T_7 -> N32 -> GYST -> N28 -> XYST -> N12 -> XYGY,11.98
午高峰,T_6,XYST,p,T_6 -> N44 -> N28 -> XYST,13.71
午高峰,T_6,GYST,p,T_6 -> N44 -> N28 -> GYST,14.02
午高峰,T_6,XYGY,p,T_6 -> N44 -> N28 -> XYST -> N12 -> XYGY,11.6
午高峰,T_1,XYGY,b,T_1 -> N18 -> N45 -> T_6 -> N44 -> N28 -> XYST -> N12 -> XYGY,10.24
午高峰,T_8,XYST,p,T_8 -> N42 -> T_7 -> N32 -> GYST -> N29 -> XYST,6.83
午高峰,T_9,XYST,p,T_9 -> N47 -> N46 -> T_7 -> N32 -> GYST -> N29 -> XYST,7.45
午高峰,T_2,GYGY,b,T_2 -> N27 -> N26 -> N25 -> T_1 -> N18 -> N45 -> T_6 -> N44 -> N28 -> GYST -> N31 -> N33 -> N61 -> GYGY,4.77
午高峰,T_3,GYGY,b,T_3 -> N5 -> N6 -> N17 -> N24 -> T_1 -> N18 -> N45 -> T_6 -> N44 -> N28 -> GYST -> N31 -> N33 -> N60 -> N61 -> GYGY,6.39
午高峰,T_1,XYST,p,T_1 -> N18 -> N45 -> T_6 -> N44 -> N28 -> XYST,7.74
午高峰,T_4,CYGY,p,T_4 -> N14 -> T_2 -> N27 -> N26 -> N25 -> T_1 -> N18 -> N45 -> T_6 -> N44 -> N28 -> CYGY,8.28
午高峰,T_1,GYGY,b,T_1 -> N18 -> N45 -> T_6 -> N44 -> N28 -> GYST -> N31 -> N33 -> N61 -> GYGY,4.27
午高峰,T_5,GYST,p,T_5 -> N16 -> N18 -> N45 -> T_6 -> N44 -> N28 -> GYST,5.99
午高峰,T_1,SYJ,c,T_1 -> N18 -> N45 -> T_6 -> N44 -> N28 -> XYST -> N12 -> XYGY -> N13 -> SYJ,7.62
午高峰,T_5,GYGY,b,T_5 -> N16 -> N18 -> N45 -> T_6 -> N44 -> N28 -> GYST -> N31 -> N33 -> N60 -> N61 -> GYGY,4.01
午高峰,T_16,GYST,b,T_16 -> N16 -> N18 -> N45 -> T_6 -> N44 -> N28 -> GYST,6.28
午高峰,T_1,XYGY,p,T_1 -> N18 -> N45 -> T_6 -> N44 -> N28 -> XYST -> N12 -> XYGY,5.97
午高峰,T_6,GYGY,b,T_6 -> N44 -> N28 -> GYST -> N31 -> N33 -> N60 -> N61 -> GYGY,5.43
午高峰,T_4,GYGY,p,T_4 -> N14 -> T_2 -> N27 -> N26 -> N25 -> T_1 -> N18 -> N45 -> T_6 -> N44 -> N28 -> GYST -> N31 -> N33 -> N61 -> GYGY,4.25
午高峰,T_16,CYGY,b,T_16 -> N16 -> N18 -> N45 -> T_6 -> N44 -> N28 -> CYGY,6.71
午高峰,T_2,XYST,p,T_2 -> N27 -> N26 -> N25 -> T_1 -> N18 -> N45 -> T_6 -> N44 -> N28 -> XYST,3.58
午高峰,T_2,GYGY,p,T_2 -> N27 -> N26 -> N25 -> T_1 -> N18 -> N45 -> T_6 -> N44 -> N28 -> GYST -> N31 -> N33 -> N60 -> N61 -> GYGY,3.54
午高峰,T_25,TYGY,c,T_25 -> N39 -> N41 -> T_8 -> N42 -> T_7 -> N32 -> GYST -> N29 -> XYST -> N30 -> N16 -> T_16 -> N15 -> T_2 -> N14 -> T_4 -> N4 -> TYGY,1.47
午高峰,T_3,GYGY,p,T_3 -> N5 -> N6 -> N17 -> N24 -> T_1 -> N18 -> N45 -> T_6 -> N44 -> N28 -> GYST -> N31 -> N33 -> N61 -> GYGY,4.06
午高峰,T_5,CYGY,p,T_5 -> N16 -> N18 -> N45 -> T_6 -> N44 -> N28 -> CYGY,5.69
午高峰,T_7,XYGY,b,T_7 -> N32 -> GYST -> N28 -> XYST -> N12 -> XYGY,3.85
午高峰,T_6,XYST,b,T_6 -> N44 -> N28 -> XYST,3.67
午高峰,T_10,XYST,p,T_10 -> N38 -> T_9 -> N47 -> N46 -> T_7 -> N32 -> GYST -> N29 -> XYST,2.4
午高峰,T_1,GYGY,p,T_1 -> N18 -> N45 -> T_6 -> N44 -> N28 -> GYST -> N31 -> N33 -> N61 -> GYGY,3.49
午高峰,T_6,GYST,b,T_6 -> N44 -> N28 -> GYST,4.24
午高峰,T_1,GYST,b,T_1 -> N18 -> N45 -> T_6 -> N44 -> N28 -> GYST,4.5
午高峰,T_5,GYGY,p,T_5 -> N16 -> N18 -> N45 -> T_6 -> N44 -> N28 -> GYST -> N31 -> N33 -> N60 -> N61 -> GYGY,2.55
午高峰,T_3,GYST,p,T_3 -> N5 -> N6 -> N17 -> N24 -> T_1 -> N18 -> N45 -> T_6 -> N44 -> N28 -> GYST,3.27
午高峰,T_6,GYGY,p,T_6 -> N44 -> N28 -> GYST -> N31 -> N33 -> N60 -> N61 -> GYGY,2.42
午高峰,T_6,XYGY,b,T_6 -> N44 -> N28 -> XYST -> N12 -> XYGY,4.14
午高峰,T_16,GYGY,c,T_16 -> N16 -> N18 -> N45 -> T_6 -> N44 -> N28 -> GYST -> N31 -> N33 -> N61 -> GYGY,1.72
午高峰,T_6,SYJ,c,T_6 -> N44 -> N28 -> XYST -> N12 -> XYGY -> N13 -> SYJ,4.21
午高峰,T_7,TYGY,c,T_7 -> N32 -> GYST -> N29 -> XYST -> N30 -> N16 -> T_16 -> N15 -> T_2 -> N14 -> T_4 -> N4 -> TYGY,0.95
午高峰,T_2,GYST,p,T_2 -> N27 -> N26 -> N25 -> T_1 -> N18 -> N45 -> T_6 -> N44 -> N28 -> GYST,3.18
午高峰,T_1,XYST,b,T_1 -> N18 -> N45 -> T_6 -> N44 -> N28 -> XYST,2.77
午高峰,T_1,GYST,p,T_1 -> N18 -> N45 -> T_6 -> N44 -> N28 -> GYST,2.15
午高峰,T_4,CYGY,b,T_4 -> N14 -> T_2 -> N27 -> N26 -> N25 -> T_1 -> N18 -> N45 -> T_6 -> N44 -> N28 -> CYGY,2.96
午高峰,T_4,GYST,p,T_4 -> N14 -> T_2 -> N27 -> N26 -> N25 -> T_1 -> N18 -> N45 -> T_6 -> N44 -> N28 -> GYST,2.25
午高峰,T_5,GYST,b,T_5 -> N16 -> N18 -> N45 -> T_6 -> N44 -> N28 -> GYST,1.93
午高峰,T_2,XYST,b,T_2 -> N27 -> N26 -> N25 -> T_1 -> N18 -> N45 -> T_6 -> N44 -> N28 -> XYST,2.19
午高峰,T_5,CYGY,b,T_5 -> N16 -> N18 -> N45 -> T_6 -> N44 -> N28 -> CYGY,2.03
午高峰,T_1,XYGY,c,T_1 -> N18 -> N45 -> T_6 -> N44 -> N28 -> XYST -> N12 -> XYGY,1.4
午高峰,T_4,GYGY,c,T_4 -> N14 -> T_2 -> N27 -> N26 -> N25 -> T_1 -> N18 -> N45 -> T_6 -> N44 -> N28 -> GYST -> N31 -> N33 -> N61 -> GYGY,0.91
午高峰,T_2,GYGY,c,T_2 -> N27 -> N26 -> N25 -> T_1 -> N18 -> N45 -> T_6 -> N44 -> N28 -> GYST -> N31 -> N33 -> N60 -> N61 -> GYGY,1.01
午高峰,T_3,GYST,b,T_3 -> N5 -> N6 -> N17 -> N24 -> T_1 -> N18 -> N45 -> T_6 -> N44 -> N28 -> GYST,1.3
午高峰,T_3,GYGY,c,T_3 -> N5 -> N6 -> N17 -> N24 -> T_1 -> N18 -> N45 -> T_6 -> N44 -> N28 -> GYST -> N31 -> N33 -> N60 -> N61 -> GYGY,0.77
午高峰,T_16,GYST,c,T_16 -> N16 -> N18 -> N45 -> T_6 -> N44 -> N28 -> GYST,0.91
午高峰,T_1,GYGY,c,T_1 -> N18 -> N45 -> T_6 -> N44 -> N28 -> GYST -> N31 -> N33 -> N61 -> GYGY,0.67
午高峰,T_5,GYGY,c,T_5 -> N16 -> N18 -> N45 -> T_6 -> N44 -> N28 -> GYST -> N31 -> N33 -> N61 -> GYGY,0.42
午高峰,T_16,CYGY,c,T_16 -> N16 -> N18 -> N45 -> T_6 -> N44 -> N28 -> CYGY,1.34
午高峰,T_2,GYST,b,T_2 -> N27 -> N26 -> N25 -> T_1 -> N18 -> N45 -> T_6 -> N44 -> N28 -> GYST,0.82
午高峰,T_6,GYGY,c,T_6 -> N44 -> N28 -> GYST -> N31 -> N33 -> N61 -> GYGY,0.2
午高峰,T_6,XYST,c,T_6 -> N44 -> N28 -> XYST,1.06
午高峰,T_4,GYST,b,T_4 -> N14 -> T_2 -> N27 -> N26 -> N25 -> T_1 -> N18 -> N45 -> T_6 -> N44 -> N28 -> GYST,0.72
午高峰,T_25,TYST,c,T_25 -> N39 -> N41 -> T_8 -> N49 -> T_7 -> N32 -> GYST -> N29 -> XYST -> N30 -> N16 -> T_16 -> N15 -> T_2 -> N14 -> TYST,0.78
午高峰,T_6,GYST,c,T_6 -> N44 -> N28 -> GYST,0.85
午高峰,T_6,XYGY,c,T_6 -> N44 -> N28 -> XYST -> N12 -> XYGY,0.69
午高峰,T_1,GYST,c,T_1 -> N18 -> N45 -> T_6 -> N44 -> N28 -> GYST,0.82
午高峰,T_8,XYST,c,T_8 -> N49 -> T_7 -> N32 -> GYST -> N29 -> XYST,0.43
午高峰,T_9,XYST,c,T_9 -> N47 -> N46 -> T_7 -> N32 -> GYST -> N29 -> XYST,0.59
午高峰,T_1,XYST,c,T_1 -> N18 -> N45 -> T_6 -> N44 -> N28 -> XYST,0.45
午高峰,T_4,CYGY,c,T_4 -> N14 -> T_2 -> N27 -> N26 -> N25 -> T_1 -> N18 -> N45 -> T_6 -> N44 -> N28 -> CYGY,0.59
午高峰,T_5,GYST,c,T_5 -> N16 -> N18 -> N45 -> T_6 -> N44 -> N28 -> GYST,0.26
午高峰,T_2,XYST,c,T_2 -> N27 -> N26 -> N25 -> T_1 -> N18 -> N45 -> T_6 -> N44 -> N28 -> XYST,0.36
午高峰,T_5,CYGY,c,T_5 -> N16 -> N18 -> N45 -> T_6 -> N44 -> N28 -> CYGY,0.41
午高峰,T_4,GYST,c,T_4 -> N14 -> T_2 -> N27 -> N26 -> N25 -> T_1 -> N18 -> N45 -> T_6 -> N44 -> N28 -> GYST,0.16
午高峰,T_16,GYGY,b,T_16 -> N16 -> N18 -> N45 -> T_6 -> N44 -> N28 -> GYST -> N31 -> N33 -> N60 -> N61 -> GYGY,7.57
午高峰,T_25,TYGY,p,T_25 -> N39 -> N41 -> T_8 -> N42 -> T_7 -> N32 -> GYST -> N28 -> XYST -> N30 -> N16 -> T_16 -> N15 -> T_2 -> N14 -> T_4 -> N4 -> TYGY,3.43
午高峰,T_25,XYST,p,T_25 -> N39 -> N41 -> T_8 -> N49 -> T_7 -> N32 -> GYST -> N28 -> XYST,11.58
午高峰,T_16,GYGY,p,T_16 -> N16 -> N18 -> N45 -> T_6 -> N44 -> N28 -> GYST -> N31 -> N33 -> N61 -> GYGY,3.61
午高峰,T_4,GYGY,b,T_4 -> N14 -> T_2 -> N27 -> N26 -> N25 -> T_1 -> N18 -> N45 -> T_6 -> N44 -> N28 -> GYST -> N31 -> N33 -> N61 -> GYGY,3.34
午高峰,T_2,GYGY,b,T_2 -> N27 -> N26 -> N25 -> T_1 -> N18 -> N45 -> T_6 -> N44 -> N28 -> GYST -> N31 -> N33 -> N60 -> N61 -> GYGY,2.38
午高峰,T_5,GYGY,p,T_5 -> N16 -> N18 -> N45 -> T_6 -> N44 -> N28 -> GYST -> N31 -> N33 -> N61 -> GYGY,0.73
午高峰,T_6,GYGY,p,T_6 -> N44 -> N28 -> GYST -> N31 -> N33 -> N61 -> GYGY,1.04
午高峰,T_16,GYGY,c,T_16 -> N16 -> N18 -> N45 -> T_6 -> N44 -> N28 -> GYST -> N31 -> N33 -> N60 -> N61 -> GYGY,0.69
午高峰,T_4,GYGY,c,T_4 -> N14 -> T_2 -> N27 -> N26 -> N25 -> T_1 -> N18 -> N45 -> T_6 -> N44 -> N28 -> GYST -> N31 -> N33 -> N60 -> N61 -> GYGY,0.3
午高峰,T_2,GYGY,c,T_2 -> N27 -> N26 -> N25 -> T_1 -> N18 -> N45 -> T_6 -> N44 -> N28 -> GYST -> N31 -> N33 -> N61 -> GYGY,0.72
午高峰,T_16,GYST,c,T_16 -> N16 -> N18 -> N45 -> T_6 -> N44 -> N29 -> GYST,0.57
午高峰,T_5,GYGY,c,T_5 -> N16 -> N18 -> N45 -> T_6 -> N44 -> N28 -> GYST -> N31 -> N33 -> N60 -> N61 -> GYGY,0.83
午高峰,T_6,GYGY,c,T_6 -> N44 -> N28 -> GYST -> N31 -> N33 -> N60 -> N61 -> GYGY,0.59
午高峰,T_25,TYGY,b,T_25 -> N39 -> N41 -> T_8 -> N42 -> T_7 -> N32 -> GYST -> N29 -> XYST -> N30 -> N16 -> T_16 -> N15 -> T_2 -> N14 -> T_4 -> N4 -> TYGY,2.7
午高峰,T_4,GYGY,b,T_4 -> N14 -> T_2 -> N27 -> N26 -> N25 -> T_1 -> N18 -> N45 -> T_6 -> N44 -> N28 -> GYST -> N31 -> N33 -> N60 -> N61 -> GYGY,1.67
午高峰,T_3,GYGY,c,T_3 -> N5 -> N6 -> N17 -> N24 -> T_1 -> N18 -> N45 -> T_6 -> N44 -> N28 -> GYST -> N31 -> N33 -> N61 -> GYGY,0.77
午高峰,T_1,GYGY,c,T_1 -> N18 -> N45 -> T_6 -> N44 -> N28 -> GYST -> N31 -> N33 -> N60 -> N61 -> GYGY,0.55
午高峰,T_25,TYGY,p,T_25 -> N39 -> N40 -> T_8 -> N42 -> T_7 -> N32 -> GYST -> N28 -> XYST -> N12 -> N11 -> N10 -> N9 -> N8 -> N7 -> TYGY,1.72
午高峰,T_8,TYGY,b,T_8 -> N42 -> T_7 -> N32 -> GYST -> N29 -> XYST -> N12 -> N11 -> N10 -> N9 -> N8 -> N7 -> TYGY,8.91
午高峰,T_8,GYST,p,T_8 -> N49 -> T_7 -> N32 -> GYST,8.88
午高峰,T_25,XYGY,b,T_25 -> N39 -> N41 -> T_8 -> N49 -> T_7 -> N32 -> GYST -> N28 -> XYST -> N12 -> XYGY,5.81
午高峰,T_25,SYJ,c,T_25 -> N39 -> N41 -> T_8 -> N42 -> T_7 -> N32 -> GYST -> N29 -> XYST -> N12 -> XYGY -> N13 -> SYJ,1.39
午高峰,T_9,TYGY,b,T_9 -> N47 -> N46 -> T_7 -> N32 -> GYST -> N28 -> XYST -> N12 -> N11 -> N10 -> N9 -> N8 -> N7 -> TYGY,9.44
午高峰,T_10,TYGY,b,T_10 -> N38 -> T_9 -> N47 -> N46 -> T_7 -> N32 -> GYST -> N28 -> XYST -> N12 -> N11 -> N10 -> N9 -> N8 -> N7 -> TYGY,8.96
午高峰,T_7,TYGY,p,T_7 -> N32 -> GYST -> N28 -> XYST -> N12 -> N11 -> N10 -> N9 -> N8 -> N7 -> TYGY,5.56
午高峰,T_8,XYGY,p,T_8 -> N49 -> T_7 -> N32 -> GYST -> N29 -> XYST -> N12 -> XYGY,4.07
午高峰,T_8,TYGY,p,T_8 -> N49 -> T_7 -> N32 -> GYST -> N29 -> XYST -> N12 -> N11 -> N10 -> N9 -> N8 -> N7 -> TYGY,3.78
午高峰,T_25,XYGY,p,T_25 -> N39 -> N41 -> T_8 -> N49 -> T_7 -> N32 -> GYST -> N29 -> XYST -> N12 -> XYGY,2.77
午高峰,T_9,TYGY,p,T_9 -> N47 -> N46 -> T_7 -> N32 -> GYST -> N28 -> XYST -> N12 -> N11 -> N10 -> N9 -> N8 -> N7 -> TYGY,2.57
午高峰,T_8,XYST,p,T_8 -> N49 -> T_7 -> N32 -> GYST -> N29 -> XYST,3.41
午高峰,T_25,GYST,b,T_25 -> N39 -> N41 -> T_8 -> N49 -> T_7 -> N32 -> GYST,3.39
午高峰,T_4,GYGY,b,T_4 -> N14 -> T_2 -> N27 -> N26 -> N25 -> T_1 -> N18 -> N45 -> T_6 -> N44 -> N29 -> GYST -> N31 -> N33 -> N60 -> N61 -> GYGY,4.17
午高峰,T_10,TYGY,p,T_10 -> N38 -> T_9 -> N47 -> N46 -> T_7 -> N32 -> GYST -> N28 -> XYST -> N12 -> N11 -> N10 -> N9 -> N8 -> N7 -> TYGY,4.07
午高峰,T_25,CYGY,p,T_25 -> N39 -> N41 -> T_8 -> N49 -> T_7 -> N32 -> GYST -> N28 -> CYGY,3.17
午高峰,T_3,XYST,p,T_3 -> N5 -> N6 -> N17 -> N24 -> T_1 -> N18 -> N45 -> T_6 -> N44 -> N28 -> XYST,3.23
午高峰,T_25,TYGY,c,T_25 -> N39 -> N41 -> T_8 -> N49 -> T_7 -> N32 -> GYST -> N29 -> XYST -> N12 -> N11 -> N10 -> N9 -> N8 -> N7 -> TYGY,2.45
午高峰,T_5,XYST,b,T_5 -> N16 -> N18 -> N45 -> T_6 -> N44 -> N28 -> XYST,0.87
午高峰,T_25,TYST,b,T_25 -> N39 -> N41 -> T_8 -> N42 -> T_7 -> N32 -> GYST -> N29 -> XYST -> N30 -> N16 -> T_16 -> N15 -> T_2 -> N14 -> TYST,0.86
午高峰,T_5,XYGY,b,T_5 -> N16 -> N18 -> N45 -> T_6 -> N44 -> N28 -> XYST -> N12 -> XYGY,0.73
午高峰,T_7,TYGY,c,T_7 -> N32 -> GYST -> N29 -> XYST -> N12 -> N11 -> N10 -> N9 -> N8 -> N7 -> TYGY,3.18
午高峰,T_5,SYJ,c,T_5 -> N16 -> N18 -> N45 -> T_6 -> N44 -> N28 -> XYST -> N12 -> XYGY -> N13 -> SYJ,0.31
午高峰,T_25,CYGY,b,T_25 -> N39 -> N41 -> T_8 -> N42 -> T_7 -> N32 -> GYST -> N28 -> CYGY,0.57
午高峰,T_8,TYGY,c,T_8 -> N42 -> T_7 -> N32 -> GYST -> N29 -> XYST -> N12 -> N11 -> N10 -> N9 -> N8 -> N7 -> TYGY,1.08
午高峰,T_16,XYST,c,T_16 -> N16 -> N18 -> N45 -> T_6 -> N44 -> N28 -> XYST,1.48
午高峰,T_9,TYGY,c,T_9 -> N47 -> N46 -> T_7 -> N32 -> GYST -> N29 -> XYST -> N12 -> N11 -> N10 -> N9 -> N8 -> N7 -> TYGY,2.21
午高峰,T_16,XYGY,c,T_16 -> N16 -> N18 -> N45 -> T_6 -> N44 -> N28 -> XYST -> N12 -> XYGY,1.2
午高峰,T_10,TYGY,c,T_10 -> N38 -> T_9 -> N47 -> N46 -> T_7 -> N32 -> GYST -> N28 -> XYST -> N12 -> N11 -> N10 -> N9 -> N8 -> N7 -> TYGY,1.4
午高峰,T_3,XYST,b,T_3 -> N5 -> N6 -> N17 -> N24 -> T_1 -> N18 -> N45 -> T_6 -> N44 -> N28 -> XYST,1.54
午高峰,T_5,XYST,c,T_5 -> N16 -> N18 -> N45 -> T_6 -> N44 -> N28 -> XYST,0.26
午高峰,T_5,XYGY,c,T_5 -> N16 -> N18 -> N45 -> T_6 -> N44 -> N28 -> XYST -> N12 -> XYGY,0.29
午高峰,T_3,XYST,c,T_3 -> N5 -> N6 -> N17 -> N24 -> T_1 -> N18 -> N45 -> T_6 -> N44 -> N28 -> XYST,0.35
午高峰,T_16,SYJ,p,T_16 -> N16 -> N18 -> N45 -> T_6 -> N44 -> N28 -> XYST -> N12 -> XYGY -> N13 -> SYJ,33.49
午高峰,T_5,SYJ,p,T_5 -> N16 -> N18 -> N45 -> T_6 -> N44 -> N28 -> XYST -> N12 -> XYGY -> N13 -> SYJ,8.61
午高峰,T_16,SYJ,b,T_16 -> N16 -> N18 -> N45 -> T_6 -> N44 -> N28 -> XYST -> N12 -> XYGY -> N13 -> SYJ,35.88
午高峰,T_16,XYST,p,T_16 -> N16 -> N18 -> N45 -> T_6 -> N44 -> N28 -> XYST,13.78
午高峰,T_16,XYGY,p,T_16 -> N16 -> N18 -> N45 -> T_6 -> N44 -> N28 -> XYST -> N12 -> XYGY,20.24
午高峰,T_25,TYGY,b,T_25 -> N39 -> N41 -> T_8 -> N49 -> T_7 -> N32 -> GYST -> N29 -> XYST -> N12 -> N11 -> N10 -> N9 -> N8 -> N7 -> TYGY,5.39
午高峰,T_25,GYST,p,T_25 -> N39 -> N40 -> T_8 -> N49 -> T_7 -> N32 -> GYST,2.37
午高峰,T_7,TYGY,b,T_7 -> N32 -> GYST -> N28 -> XYST -> N12 -> N11 -> N10 -> N9 -> N8 -> N7 -> TYGY,8.74
午高峰,T_25,TYGY,p,T_25 -> N48 -> N49 -> T_7 -> N32 -> GYST -> N29 -> XYST -> N12 -> N11 -> N10 -> N9 -> N8 -> N7 -> TYGY,1.72
午高峰,T_25,XYST,p,T_25 -> N39 -> N41 -> T_8 -> N42 -> T_7 -> N32 -> GYST -> N29 -> XYST,1.65
午高峰,T_5,SYJ,b,T_5 -> N16 -> N18 -> N45 -> T_6 -> N44 -> N28 -> XYST -> N12 -> XYGY -> N13 -> SYJ,9.22
午高峰,T_25,XYGY,b,T_25 -> N39 -> N41 -> T_8 -> N49 -> T_7 -> N32 -> GYST -> N29 -> XYST -> N12 -> XYGY,2.9
午高峰,T_25,SYJ,c,T_25 -> N39 -> N41 -> T_8 -> N42 -> T_7 -> N32 -> GYST -> N28 -> XYST -> N12 -> XYGY -> N13 -> SYJ,2.78
午高峰,T_9,TYGY,b,T_9 -> N47 -> N46 -> T_7 -> N32 -> GYST -> N29 -> XYST -> N12 -> N11 -> N10 -> N9 -> N8 -> N7 -> TYGY,4.04
午高峰,T_10,TYGY,b,T_10 -> N38 -> T_9 -> N47 -> N46 -> T_7 -> N32 -> GYST -> N29 -> XYST -> N12 -> N11 -> N10 -> N9 -> N8 -> N7 -> TYGY,3.84
午高峰,T_16,XYST,b,T_16 -> N16 -> N18 -> N45 -> T_6 -> N44 -> N28 -> XYST,4.92
午高峰,T_5,XYST,p,T_5 -> N16 -> N18 -> N45 -> T_6 -> N44 -> N28 -> XYST,9.7
午高峰,T_16,XYGY,b,T_16 -> N16 -> N18 -> N45 -> T_6 -> N44 -> N28 -> XYST -> N12 -> XYGY,6.02
午高峰,T_7,TYGY,p,T_7 -> N32 -> GYST -> N29 -> XYST -> N12 -> N11 -> N10 -> N9 -> N8 -> N7 -> TYGY,5.56
午高峰,T_5,XYGY,p,T_5 -> N16 -> N18 -> N45 -> T_6 -> N44 -> N28 -> XYST -> N12 -> XYGY,9.19
午高峰,T_9,TYGY,p,T_9 -> N47 -> N46 -> T_7 -> N32 -> GYST -> N29 -> XYST -> N12 -> N11 -> N10 -> N9 -> N8 -> N7 -> TYGY,6.01
午高峰,T_10,TYGY,p,T_10 -> N38 -> T_9 -> N47 -> N46 -> T_7 -> N32 -> GYST -> N29 -> XYST -> N12 -> N11 -> N10 -> N9 -> N8 -> N7 -> TYGY,4.07
午高峰,T_16,SYJ,c,T_16 -> N16 -> N18 -> N45 -> T_6 -> N44 -> N28 -> XYST -> N12 -> XYGY -> N13 -> SYJ,5.58
午高峰,T_8,SYJ,c,T_8 -> N49 -> T_7 -> N32 -> GYST -> N29 -> XYST -> N12 -> XYGY -> N13 -> SYJ,1.81
午高峰,T_25,TYST,b,T_25 -> N39 -> N41 -> T_8 -> N42 -> T_7 -> N32 -> GYST -> N28 -> XYST -> N30 -> N16 -> T_16 -> N15 -> T_2 -> N14 -> TYST,1.71
午高峰,T_10,TYGY,c,T_10 -> N38 -> T_9 -> N47 -> N46 -> T_7 -> N32 -> GYST -> N29 -> XYST -> N12 -> N11 -> N10 -> N9 -> N8 -> N7 -> TYGY,0.93
午高峰,T_4,GYGY,c,T_4 -> N14 -> T_2 -> N27 -> N26 -> N25 -> T_1 -> N18 -> N45 -> T_6 -> N44 -> N29 -> GYST -> N31 -> N33 -> N60 -> N61 -> GYGY,0.46
午高峰,T_25,SYJ,p,T_25 -> N39 -> N40 -> T_8 -> N49 -> T_7 -> N32 -> GYST -> N28 -> XYST -> N12 -> XYGY -> N13 -> SYJ,19.48
午高峰,T_25,TYGY,b,T_25 -> N48 -> N49 -> T_7 -> N32 -> GYST -> N29 -> XYST -> N12 -> N11 -> N10 -> N9 -> N8 -> N7 -> TYGY,5.39
午高峰,T_7,TYGY,b,T_7 -> N32 -> GYST -> N29 -> XYST -> N12 -> N11 -> N10 -> N9 -> N8 -> N7 -> TYGY,6.99
午高峰,T_25,TYGY,p,T_25 -> N39 -> N41 -> T_8 -> N42 -> T_7 -> N32 -> GYST -> N28 -> XYST -> N12 -> N11 -> N10 -> N9 -> N8 -> N7 -> TYGY,5.15
午高峰,T_4,GYGY,p,T_4 -> N14 -> T_2 -> N27 -> N26 -> N25 -> T_1 -> N18 -> N45 -> T_6 -> N44 -> N29 -> GYST -> N31 -> N33 -> N61 -> GYGY,1.06
午高峰,T_16,XYGY,c,T_16 -> N16 -> N18 -> N45 -> T_6 -> N44 -> N29 -> XYST -> N12 -> XYGY,0.24
午高峰,T_5,GYST,c,T_5 -> N16 -> N18 -> N45 -> T_6 -> N44 -> N29 -> GYST,0.3
午高峰,T_16,GYGY,b,T_16 -> N16 -> N18 -> N45 -> T_6 -> N44 -> N29 -> GYST -> N31 -> N33 -> N61 -> GYGY,3.79
午高峰,T_25,TYGY,p,T_25 -> N39 -> N41 -> T_8 -> N42 -> T_7 -> N32 -> GYST -> N29 -> XYST -> N12 -> N11 -> N10 -> N9 -> N8 -> N7 -> TYGY,6.86
午高峰,T_8,TYGY,b,T_8 -> N49 -> T_7 -> N32 -> GYST -> N29 -> XYST -> N12 -> N11 -> N10 -> N9 -> N8 -> N7 -> TYGY,5.94
午高峰,T_2,XYGY,p,T_2 -> N27 -> N26 -> N25 -> T_1 -> N18 -> N45 -> T_6 -> N44 -> N28 -> XYST -> N12 -> XYGY,4.25
午高峰,T_8,TYGY,p,T_8 -> N42 -> T_7 -> N32 -> GYST -> N29 -> XYST -> N12 -> N11 -> N10 -> N9 -> N8 -> N7 -> TYGY,4.72
午高峰,T_2,SYJ,b,T_2 -> N27 -> N26 -> N25 -> T_1 -> N18 -> N45 -> T_6 -> N44 -> N28 -> XYST -> N12 -> XYGY -> N13 -> SYJ,1.59
午高峰,T_3,XYST,p,T_3 -> N5 -> N6 -> N17 -> N24 -> T_1 -> N18 -> N45 -> T_6 -> N44 -> N29 -> XYST,2.16
午高峰,T_25,TYGY,c,T_25 -> N39 -> N41 -> T_8 -> N42 -> T_7 -> N32 -> GYST -> N29 -> XYST -> N12 -> N11 -> N10 -> N9 -> N8 -> N7 -> TYGY,1.96
午高峰,T_4,XYST,p,T_4 -> N14 -> T_2 -> N27 -> N26 -> N25 -> T_1 -> N18 -> N45 -> T_6 -> N44 -> N28 -> XYST,1.39
午高峰,T_25,TYST,p,T_25 -> N39 -> N41 -> T_8 -> N42 -> T_7 -> N32 -> GYST -> N28 -> XYST -> N30 -> N16 -> T_16 -> N15 -> T_2 -> N14 -> TYST,0.27
午高峰,T_8,TYGY,c,T_8 -> N49 -> T_7 -> N32 -> GYST -> N29 -> XYST -> N12 -> N11 -> N10 -> N9 -> N8 -> N7 -> TYGY,1.35
午高峰,T_4,GYST,p,T_4 -> N14 -> T_2 -> N27 -> N26 -> N25 -> T_1 -> N18 -> N45 -> T_6 -> N44 -> N29 -> GYST,0.67
午高峰,T_5,GYST,b,T_5 -> N16 -> N18 -> N45 -> T_6 -> N44 -> N29 -> GYST,0.86
午高峰,T_2,SYJ,c,T_2 -> N27 -> N26 -> N25 -> T_1 -> N18 -> N45 -> T_6 -> N44 -> N28 -> XYST -> N12 -> XYGY -> N13 -> SYJ,0.48
午高峰,T_4,GYGY,c,T_4 -> N14 -> T_2 -> N27 -> N26 -> N25 -> T_1 -> N18 -> N45 -> T_6 -> N44 -> N29 -> GYST -> N31 -> N33 -> N61 -> GYGY,0.15
午高峰,T_4,XYST,b,T_4 -> N14 -> T_2 -> N27 -> N26 -> N25 -> T_1 -> N18 -> N45 -> T_6 -> N44 -> N28 -> XYST,0.37
午高峰,T_2,XYGY,c,T_2 -> N27 -> N26 -> N25 -> T_1 -> N18 -> N45 -> T_6 -> N44 -> N28 -> XYST -> N12 -> XYGY,0.3
午高峰,T_4,GYST,b,T_4 -> N14 -> T_2 -> N27 -> N26 -> N25 -> T_1 -> N18 -> N45 -> T_6 -> N44 -> N29 -> GYST,0.32
午高峰,T_2,XYST,c,T_2 -> N27 -> N26 -> N25 -> T_1 -> N18 -> N45 -> T_6 -> N44 -> N29 -> XYST,0.11
午高峰,T_4,XYST,c,T_4 -> N14 -> T_2 -> N27 -> N26 -> N25 -> T_1 -> N18 -> N45 -> T_6 -> N44 -> N28 -> XYST,0.07
午高峰,T_4,GYST,c,T_4 -> N14 -> T_2 -> N27 -> N26 -> N25 -> T_1 -> N18 -> N45 -> T_6 -> N44 -> N29 -> GYST,0.05
午高峰,T_5,SYJ,p,T_5 -> N16 -> N18 -> N45 -> T_6 -> N44 -> N29 -> XYST -> N12 -> XYGY -> N13 -> SYJ,25.83
午高峰,T_2,SYJ,p,T_2 -> N27 -> N26 -> N25 -> T_1 -> N18 -> N45 -> T_6 -> N44 -> N29 -> XYST -> N12 -> XYGY -> N13 -> SYJ,2.22
午高峰,T_8,TYGY,p,T_8 -> N42 -> T_7 -> N32 -> GYST -> N28 -> XYST -> N12 -> N11 -> N10 -> N9 -> N8 -> N7 -> TYGY,0.94
午高峰,T_2,SYJ,b,T_2 -> N27 -> N26 -> N25 -> T_1 -> N18 -> N45 -> T_6 -> N44 -> N29 -> XYST -> N12 -> XYGY -> N13 -> SYJ,0.79
午高峰,T_5,GYGY,b,T_5 -> N16 -> N18 -> N45 -> T_6 -> N44 -> N29 -> GYST -> N31 -> N33 -> N60 -> N61 -> GYGY,1.72
午高峰,T_2,XYST,p,T_2 -> N27 -> N26 -> N25 -> T_1 -> N18 -> N45 -> T_6 -> N44 -> N29 -> XYST,3.07
午高峰,T_2,XYGY,b,T_2 -> N27 -> N26 -> N25 -> T_1 -> N18 -> N45 -> T_6 -> N44 -> N28 -> XYST -> N12 -> XYGY,0.51
午高峰,T_5,GYGY,p,T_5 -> N16 -> N18 -> N45 -> T_6 -> N44 -> N29 -> GYST -> N31 -> N33 -> N61 -> GYGY,0.73
午高峰,T_16,GYGY,c,T_16 -> N16 -> N18 -> N45 -> T_6 -> N44 -> N29 -> GYST -> N31 -> N33 -> N61 -> GYGY,1.03
午高峰,T_25,SYJ,b,T_25 -> N39 -> N40 -> T_8 -> N49 -> T_7 -> N32 -> GYST -> N29 -> XYST -> N12 -> XYGY -> N13 -> SYJ,7.65
午高峰,T_16,XYGY,p,T_16 -> N16 -> N18 -> N45 -> T_6 -> N44 -> N29 -> XYST -> N12 -> XYGY,6.75
午高峰,T_25,TYGY,b,T_25 -> N39 -> N41 -> T_8 -> N42 -> T_7 -> N32 -> GYST -> N29 -> XYST -> N12 -> N11 -> N10 -> N9 -> N8 -> N7 -> TYGY,5.39
午高峰,T_2,SYJ,p,T_2 -> N27 -> N26 -> N25 -> T_1 -> N18 -> N45 -> T_6 -> N44 -> N28 -> XYST -> N12 -> XYGY -> N13 -> SYJ,2.22
午高峰,T_16,GYST,p,T_16 -> N16 -> N18 -> N45 -> T_6 -> N44 -> N29 -> GYST,1.6
午高峰,T_2,XYGY,p,T_2 -> N27 -> N26 -> N25 -> T_1 -> N18 -> N45 -> T_6 -> N44 -> N29 -> XYST -> N12 -> XYGY,1.42
午高峰,T_16,XYGY,b,T_16 -> N16 -> N18 -> N45 -> T_6 -> N44 -> N29 -> XYST -> N12 -> XYGY,1.2
午高峰,T_3,GYGY,b,T_3 -> N5 -> N6 -> N17 -> N24 -> T_1 -> N18 -> N45 -> T_6 -> N44 -> N28 -> GYST -> N31 -> N33 -> N61 -> GYGY,1.42
午高峰,T_1,GYGY,b,T_1 -> N18 -> N45 -> T_6 -> N44 -> N28 -> GYST -> N31 -> N33 -> N60 -> N61 -> GYGY,1.22
午高峰,T_5,GYST,p,T_5 -> N16 -> N18 -> N45 -> T_6 -> N44 -> N29 -> GYST,1.8
午高峰,T_25,XYST,b,T_25 -> N39 -> N41 -> T_8 -> N42 -> T_7 -> N32 -> GYST -> N28 -> XYST,0.59
午高峰,T_5,GYGY,b,T_5 -> N16 -> N18 -> N45 -> T_6 -> N44 -> N29 -> GYST -> N31 -> N33 -> N61 -> GYGY,1.15
午高峰,T_6,GYGY,b,T_6 -> N44 -> N28 -> GYST -> N31 -> N33 -> N61 -> GYGY,1.09
午高峰,T_4,GYGY,p,T_4 -> N14 -> T_2 -> N27 -> N26 -> N25 -> T_1 -> N18 -> N45 -> T_6 -> N44 -> N28 -> GYST -> N31 -> N33 -> N60 -> N61 -> GYGY,1.06
午高峰,T_2,GYGY,p,T_2 -> N27 -> N26 -> N25 -> T_1 -> N18 -> N45 -> T_6 -> N44 -> N28 -> GYST -> N31 -> N33 -> N61 -> GYGY,0.51
午高峰,T_3,GYGY,p,T_3 -> N5 -> N6 -> N17 -> N24 -> T_1 -> N18 -> N45 -> T_6 -> N44 -> N29 -> GYST -> N31 -> N33 -> N60 -> N61 -> GYGY,0.45
午高峰,T_16,GYGY,c,T_16 -> N16 -> N18 -> N45 -> T_6 -> N44 -> N29 -> GYST -> N31 -> N33 -> N60 -> N61 -> GYGY,0.69
午高峰,T_16,XYST,p,T_16 -> N16 -> N18 -> N45 -> T_6 -> N44 -> N29 -> XYST,10.34
午高峰,T_25,GYST,p,T_25 -> N39 -> N41 -> T_8 -> N42 -> T_7 -> N32 -> GYST,2.37
午高峰,T_25,SYJ,c,T_25 -> N48 -> N49 -> T_7 -> N32 -> GYST -> N29 -> XYST -> N12 -> XYGY -> N13 -> SYJ,2.78
午高峰,T_16,GYGY,p,T_16 -> N16 -> N18 -> N45 -> T_6 -> N44 -> N29 -> GYST -> N31 -> N33 -> N61 -> GYGY,1.2
午高峰,T_16,GYST,b,T_16 -> N16 -> N18 -> N45 -> T_6 -> N44 -> N29 -> GYST,1.14
午高峰,T_3,GYGY,p,T_3 -> N5 -> N6 -> N17 -> N24 -> T_1 -> N18 -> N45 -> T_6 -> N44 -> N28 -> GYST -> N31 -> N33 -> N60 -> N61 -> GYGY,0.45
午高峰,T_1,GYGY,p,T_1 -> N18 -> N45 -> T_6 -> N44 -> N28 -> GYST -> N31 -> N33 -> N60 -> N61 -> GYGY,0.39
午高峰,T_5,XYGY,b,T_5 -> N16 -> N18 -> N45 -> T_6 -> N44 -> N29 -> XYST -> N12 -> XYGY,0.36
午高峰,T_25,TYGY,b,T_25 -> N39 -> N41 -> T_8 -> N49 -> T_7 -> N32 -> GYST -> N28 -> XYST -> N12 -> N11 -> N10 -> N9 -> N8 -> N7 -> TYGY,5.39
午高峰,T_25,TYGY,c,T_25 -> N48 -> N49 -> T_7 -> N32 -> GYST -> N29 -> XYST -> N12 -> N11 -> N10 -> N9 -> N8 -> N7 -> TYGY,0.49
午高峰,T_5,GYGY,p,T_5 -> N16 -> N18 -> N45 -> T_6 -> N44 -> N29 -> GYST -> N31 -> N33 -> N60 -> N61 -> GYGY,0.36
午高峰,T_3,XYST,b,T_3 -> N5 -> N6 -> N17 -> N24 -> T_1 -> N18 -> N45 -> T_6 -> N44 -> N29 -> XYST,0.39
午高峰,T_25,TYST,c,T_25 -> N39 -> N40 -> T_8 -> N49 -> T_7 -> N32 -> GYST -> N29 -> XYST -> N30 -> N16 -> T_16 -> N15 -> T_2 -> N14 -> TYST,0.08
午高峰,T_25,TYGY,b,T_25 -> N48 -> N49 -> T_7 -> N32 -> GYST -> N28 -> XYST -> N12 -> N11 -> N10 -> N9 -> N8 -> N7 -> TYGY,2.7
午高峰,T_25,SYJ,c,T_25 -> N39 -> N40 -> T_8 -> N42 -> T_7 -> N32 -> GYST -> N29 -> XYST -> N12 -> XYGY -> N13 -> SYJ,1.39
午高峰,T_16,XYST,b,T_16 -> N16 -> N18 -> N45 -> T_6 -> N44 -> N29 -> XYST,1.23
午高峰,T_8,TYGY,c,T_8 -> N42 -> T_7 -> N32 -> GYST -> N28 -> XYST -> N12 -> N11 -> N10 -> N9 -> N8 -> N7 -> TYGY,0.27
午高峰,T_25,XYGY,c,T_25 -> N39 -> N41 -> T_8 -> N49 -> T_7 -> N32 -> GYST -> N29 -> XYST -> N12 -> XYGY,0.26
午高峰,T_2,XYST,b,T_2 -> N27 -> N26 -> N25 -> T_1 -> N18 -> N45 -> T_6 -> N44 -> N29 -> XYST,0.18
午高峰,T_16,GYGY,b,T_16 -> N16 -> N18 -> N45 -> T_6 -> N44 -> N42 -> T_7 -> N46 -> N33 -> N61 -> GYGY,1.89
午高峰,T_25,TYGY,p,T_25 -> N39 -> N41 -> T_8 -> N49 -> T_7 -> N32 -> GYST -> N28 -> XYST -> N12 -> N11 -> N10 -> N9 -> N8 -> N7 -> TYGY,1.72
午高峰,T_16,GYGY,p,T_16 -> N16 -> N18 -> N45 -> T_6 -> N44 -> N42 -> T_7 -> N46 -> N33 -> N60 -> N61 -> GYGY,1.2
午高峰,T_4,GYGY,b,T_4 -> N14 -> T_2 -> N27 -> N26 -> N25 -> T_1 -> N18 -> N45 -> T_6 -> N44 -> N42 -> T_7 -> N46 -> N33 -> N60 -> N61 -> GYGY,0.83
午高峰,T_16,SYJ,c,T_16 -> N16 -> N18 -> N45 -> T_6 -> N44 -> N29 -> XYST -> N12 -> XYGY -> N13 -> SYJ,0.8
午高峰,T_2,GYGY,b,T_2 -> N27 -> N26 -> N25 -> T_1 -> N18 -> N45 -> T_6 -> N44 -> N42 -> T_7 -> N46 -> N33 -> N61 -> GYGY,0.79
午高峰,T_3,GYGY,b,T_3 -> N5 -> N6 -> N17 -> N24 -> T_1 -> N18 -> N45 -> T_6 -> N44 -> N42 -> T_7 -> N46 -> N33 -> N60 -> N61 -> GYGY,0.71
午高峰,T_1,GYGY,b,T_1 -> N18 -> N45 -> T_6 -> N44 -> N42 -> T_7 -> N46 -> N33 -> N61 -> GYGY,0.61
午高峰,T_5,GYGY,b,T_5 -> N16 -> N18 -> N45 -> T_6 -> N44 -> N42 -> T_7 -> N46 -> N33 -> N60 -> N61 -> GYGY,0.57
午高峰,T_6,GYGY,b,T_6 -> N44 -> N42 -> T_7 -> N46 -> N33 -> N60 -> N61 -> GYGY,0.54
午高峰,T_4,GYGY,p,T_4 -> N14 -> T_2 -> N27 -> N26 -> N25 -> T_1 -> N18 -> N45 -> T_6 -> N44 -> N42 -> T_7 -> N46 -> N33 -> N61 -> GYGY,0.53
午高峰,T_2,GYGY,p,T_2 -> N27 -> N26 -> N25 -> T_1 -> N18 -> N45 -> T_6 -> N44 -> N42 -> T_7 -> N46 -> N33 -> N60 -> N61 -> GYGY,0.51
午高峰,T_3,GYGY,p,T_3 -> N5 -> N6 -> N17 -> N24 -> T_1 -> N18 -> N45 -> T_6 -> N44 -> N42 -> T_7 -> N46 -> N33 -> N61 -> GYGY,0.45
午高峰,T_1,GYGY,p,T_1 -> N18 -> N45 -> T_6 -> N44 -> N42 -> T_7 -> N46 -> N33 -> N61 -> GYGY,0.39
午高峰,T_5,GYGY,p,T_5 -> N16 -> N18 -> N45 -> T_6 -> N44 -> N42 -> T_7 -> N46 -> N33 -> N60 -> N61 -> GYGY,0.36
午高峰,T_6,GYGY,p,T_6 -> N44 -> N42 -> T_7 -> N46 -> N33 -> N60 -> N61 -> GYGY,0.35
午高峰,T_16,GYGY,c,T_16 -> N16 -> N18 -> N45 -> T_6 -> N44 -> N42 -> T_7 -> N46 -> N33 -> N61 -> GYGY,0.34
午高峰,T_9,TYGY,c,T_9 -> N47 -> N46 -> T_7 -> N32 -> GYST -> N28 -> XYST -> N12 -> N11 -> N10 -> N9 -> N8 -> N7 -> TYGY,0.25
午高峰,T_25,GYGY,c,T_25 -> N48 -> T_9 -> N47 -> N46 -> N33 -> N60 -> N61 -> GYGY,0.19
午高峰,T_25,GYST,c,T_25 -> N39 -> N40 -> T_8 -> N49 -> T_7 -> N32 -> GYST,0.17
午高峰,T_4,GYGY,c,T_4 -> N14 -> T_2 -> N27 -> N26 -> N25 -> T_1 -> N18 -> N45 -> T_6 -> N44 -> N42 -> T_7 -> N46 -> N33 -> N61 -> GYGY,0.15
午高峰,T_2,GYGY,c,T_2 -> N27 -> N26 -> N25 -> T_1 -> N18 -> N45 -> T_6 -> N44 -> N42 -> T_7 -> N46 -> N33 -> N60 -> N61 -> GYGY,0.14
午高峰,T_3,GYGY,c,T_3 -> N5 -> N6 -> N17 -> N24 -> T_1 -> N18 -> N45 -> T_6 -> N44 -> N42 -> T_7 -> N46 -> N33 -> N61 -> GYGY,0.13
午高峰,T_1,GYGY,c,T_1 -> N18 -> N45 -> T_6 -> N44 -> N42 -> T_7 -> N46 -> N33 -> N60 -> N61 -> GYGY,0.11
午高峰,T_5,GYGY,c,T_5 -> N16 -> N18 -> N45 -> T_6 -> N44 -> N42 -> T_7 -> N46 -> N33 -> N61 -> GYGY,0.1
午高峰,T_8,GYGY,c,T_8 -> N49 -> T_7 -> N46 -> N33 -> N60 -> N61 -> GYGY,0.1
午高峰,T_6,GYGY,c,T_6 -> N44 -> N42 -> T_7 -> N46 -> N33 -> N61 -> GYGY,0.1
午高峰,T_3,XYST,c,T_3 -> N5 -> N6 -> N17 -> N24 -> T_1 -> N18 -> N45 -> T_6 -> N44 -> N29 -> XYST,0.04
晚高峰,T_16,TYGY,p,T_16 -> N15 -> T_2 -> N14 -> N4 -> TYGY,148.84
晚高峰,T_3,TYGY,p,T_3 -> N3 -> TYGY,554.78
晚高峰,T_4,TYGY,p,T_4 -> N4 -> TYGY,547.66
晚高峰,T_16,XYGY,p,T_16 -> N16 -> N30 -> XYST -> N12 -> XYGY,340.4
晚高峰,T_2,TYGY,p,T_2 -> N14 -> N4 -> TYGY,75.92
晚高峰,T_1,TYGY,p,T_1 -> N25 -> N26 -> N27 -> T_2 -> N14 -> N4 -> TYGY,59.96
晚高峰,T_16,TYGY,b,T_16 -> N15 -> T_2 -> N14 -> N4 -> TYGY,53.16
晚高峰,T_25,XYGY,b,T_25 -> N48 -> N49 -> T_7 -> N32 -> GYST -> N28 -> XYST -> N12 -> XYGY,5.22
晚高峰,T_5,TYGY,p,T_5 -> N16 -> T_16 -> N15 -> T_2 -> N14 -> N4 -> TYGY,42.61
晚高峰,T_25,TYGY,b,T_25 -> N48 -> N49 -> T_7 -> N32 -> GYST -> N29 -> XYST -> N30 -> N16 -> T_16 -> N15 -> T_2 -> N14 -> N4 -> TYGY,4.7
晚高峰,T_6,XYGY,p,T_6 -> N44 -> N29 -> XYST -> N12 -> XYGY,251.75
晚高峰,T_25,CYGY,p,T_25 -> N48 -> N49 -> T_7 -> N32 -> GYST -> N28 -> CYGY,102.54
晚高峰,T_16,CYGY,p,T_16 -> N16 -> N30 -> XYST -> N28 -> CYGY,195.7
晚高峰,T_7,XYGY,p,T_7 -> N32 -> GYST -> N29 -> XYST -> N12 -> XYGY,193.4
晚高峰,T_8,XYGY,p,T_8 -> N42 -> T_7 -> N32 -> GYST -> N28 -> XYST -> N12 -> XYGY,140.88
晚高峰,T_25,XYGY,p,T_25 -> N48 -> N49 -> T_7 -> N32 -> GYST -> N29 -> XYST -> N12 -> XYGY,39.87
晚高峰,T_3,TYGY,b,T_3 -> N3 -> TYGY,198.14
晚高峰,T_4,TYGY,b,T_4 -> N4 -> TYGY,195.59
晚高峰,T_5,XYGY,p,T_5 -> N16 -> N30 -> XYST -> N12 -> XYGY,154.47
晚高峰,T_25,TYGY,p,T_25 -> N48 -> N49 -> T_7 -> N32 -> GYST -> N28 -> XYST -> N30 -> N16 -> T_16 -> N15 -> T_2 -> N14 -> N4 -> TYGY,8.97
晚高峰,T_16,XYGY,b,T_16 -> N16 -> N30 -> XYST -> N12 -> XYGY,121.57
晚高峰,T_7,CYGY,p,T_7 -> N32 -> GYST -> N28 -> CYGY,166.11
晚高峰,T_25,GYGY,b,T_25 -> N48 -> N49 -> T_7 -> N46 -> N33 -> N61 -> GYGY,33.0
晚高峰,T_2,TYGY,b,T_2 -> N14 -> N4 -> TYGY,21.69
晚高峰,T_9,XYGY,b,T_9 -> N48 -> N49 -> T_7 -> N32 -> GYST -> N29 -> XYST -> N12 -> XYGY,83.53
晚高峰,T_10,XYGY,b,T_10 -> N38 -> T_9 -> N48 -> N49 -> T_7 -> N32 -> GYST -> N28 -> XYST -> N12 -> XYGY,40.65
晚高峰,T_10,TYGY,b,T_10 -> N38 -> T_9 -> N48 -> N49 -> T_7 -> N32 -> GYST -> N29 -> XYST -> N30 -> N16 -> T_16 -> N15 -> T_2 -> N14 -> N4 -> TYGY,15.11
晚高峰,T_1,TYGY,b,T_1 -> N25 -> N26 -> N27 -> T_2 -> N14 -> N4 -> TYGY,19.03
晚高峰,T_9,TYGY,b,T_9 -> N48 -> N49 -> T_7 -> N32 -> GYST -> N28 -> XYST -> N30 -> N16 -> T_16 -> N15 -> T_2 -> N14 -> N4 -> TYGY,14.09
晚高峰,T_8,CYGY,p,T_8 -> N42 -> T_7 -> N32 -> GYST -> N28 -> CYGY,129.23
晚高峰,T_6,TYGY,b,T_6 -> N44 -> N29 -> XYST -> N30 -> N16 -> T_16 -> N15 -> T_2 -> N14 -> N4 -> TYGY,17.18
晚高峰,T_8,TYGY,b,T_8 -> N42 -> T_7 -> N32 -> GYST -> N28 -> XYST -> N30 -> N16 -> T_16 -> N15 -> T_2 -> N14 -> N4 -> TYGY,16.67
晚高峰,T_9,CYGY,p,T_9 -> N48 -> N49 -> T_7 -> N32 -> GYST -> N28 -> CYGY,84.8
晚高峰,T_6,CYGY,p,T_6 -> N44 -> N29 -> N28 -> CYGY,64.31
晚高峰,T_25,GYGY,p,T_25 -> N48 -> N49 -> T_7 -> N46 -> N33 -> N61 -> GYGY,26.25
晚高峰,T_7,TYGY,b,T_7 -> N32 -> GYST -> N29 -> XYST -> N30 -> N16 -> T_16 -> N15 -> T_2 -> N14 -> N4 -> TYGY,13.87
晚高峰,T_5,TYGY,b,T_5 -> N16 -> T_16 -> N15 -> T_2 -> N14 -> N4 -> TYGY,13.53
晚高峰,T_9,XYGY,p,T_9 -> N48 -> N49 -> T_7 -> N32 -> GYST -> N29 -> XYST -> N12 -> XYGY,53.16
晚高峰,T_10,XYGY,p,T_10 -> N38 -> T_9 -> N48 -> N49 -> T_7 -> N32 -> GYST -> N29 -> XYST -> N12 -> XYGY,12.94
晚高峰,T_10,TYGY,p,T_10 -> N38 -> T_9 -> N48 -> N49 -> T_7 -> N32 -> GYST -> N28 -> XYST -> N30 -> N16 -> T_16 -> N15 -> T_2 -> N14 -> N4 -> TYGY,4.81
晚高峰,T_7,GYGY,p,T_7 -> N46 -> N33 -> N61 -> GYGY,41.62
晚高峰,T_1,XYGY,b,T_1 -> N25 -> N26 -> N27 -> T_2 -> N15 -> T_16 -> N16 -> N30 -> XYST -> N12 -> XYGY,51.29
晚高峰,T_6,XYGY,b,T_6 -> N44 -> N29 -> XYST -> N12 -> XYGY,89.91
晚高峰,T_9,TYGY,p,T_9 -> N48 -> N49 -> T_7 -> N32 -> GYST -> N28 -> XYST -> N30 -> N16 -> T_16 -> N15 -> T_2 -> N14 -> N4 -> TYGY,11.96
晚高峰,T_2,XYGY,p,T_2 -> N15 -> T_16 -> N16 -> N30 -> XYST -> N12 -> XYGY,50.81
晚高峰,T_10,CYGY,b,T_10 -> N38 -> T_9 -> N48 -> N49 -> T_7 -> N32 -> GYST -> N28 -> CYGY,31.3
晚高峰,T_25,CYGY,b,T_25 -> N48 -> N49 -> T_7 -> N32 -> GYST -> N28 -> CYGY,32.4
晚高峰,T_10,GYGY,b,T_10 -> N38 -> T_9 -> N48 -> N49 -> T_7 -> N46 -> N33 -> N61 -> GYGY,15.41
晚高峰,T_5,CYGY,p,T_5 -> N16 -> N30 -> XYST -> N28 -> CYGY,82.75
晚高峰,T_9,GYGY,b,T_9 -> N48 -> N49 -> T_7 -> N46 -> N33 -> N61 -> GYGY,13.75
晚高峰,T_6,TYGY,p,T_6 -> N44 -> N29 -> XYST -> N30 -> N16 -> T_16 -> N15 -> T_2 -> N14 -> N4 -> TYGY,10.93
晚高峰,T_16,GYGY,b,T_16 -> N16 -> N30 -> XYST -> N28 -> GYST -> N31 -> N33 -> N61 -> GYGY,1.34
晚高峰,T_8,TYGY,p,T_8 -> N42 -> T_7 -> N32 -> GYST -> N29 -> XYST -> N30 -> N16 -> T_16 -> N15 -> T_2 -> N14 -> N4 -> TYGY,10.61
晚高峰,T_8,GYGY,b,T_8 -> N42 -> T_7 -> N46 -> N33 -> N61 -> GYGY,23.73
晚高峰,T_16,CYGY,b,T_16 -> N16 -> N30 -> XYST -> N28 -> CYGY,68.62
晚高峰,T_7,XYGY,b,T_7 -> N32 -> GYST -> N29 -> XYST -> N12 -> XYGY,75.35
晚高峰,T_8,XYGY,b,T_8 -> N42 -> T_7 -> N32 -> GYST -> N28 -> XYST -> N12 -> XYGY,62.59
晚高峰,T_16,TYGY,c,T_16 -> N15 -> T_2 -> N14 -> N4 -> TYGY,9.45
晚高峰,T_5,XYGY,b,T_5 -> N16 -> N30 -> XYST -> N12 -> XYGY,55.17
晚高峰,T_7,TYGY,p,T_7 -> N32 -> GYST -> N29 -> XYST -> N30 -> N16 -> T_16 -> N15 -> T_2 -> N14 -> N4 -> TYGY,8.83
晚高峰,T_6,GYGY,b,T_6 -> N44 -> N29 -> GYST -> N31 -> N33 -> N61 -> GYGY,32.84
晚高峰,T_7,CYGY,b,T_7 -> N32 -> GYST -> N28 -> CYGY,59.33
晚高峰,T_1,XYGY,p,T_1 -> N25 -> N26 -> N27 -> T_2 -> N15 -> T_16 -> N16 -> N30 -> XYST -> N12 -> XYGY,31.68
晚高峰,T_25,XYGY,c,T_25 -> N48 -> N49 -> T_7 -> N32 -> GYST -> N29 -> XYST -> N12 -> XYGY,23.73
晚高峰,T_10,CYGY,p,T_10 -> N38 -> T_9 -> N48 -> N49 -> T_7 -> N32 -> GYST -> N28 -> CYGY,19.92
晚高峰,T_10,GYGY,p,T_10 -> N38 -> T_9 -> N48 -> N49 -> T_7 -> N46 -> N33 -> N61 -> GYGY,9.81
晚高峰,T_9,GYGY,p,T_9 -> N48 -> N49 -> T_7 -> N46 -> N33 -> N61 -> GYGY,7.87
晚高峰,T_25,TYGY,c,T_25 -> N48 -> N49 -> T_7 -> N32 -> GYST -> N28 -> XYST -> N30 -> N16 -> T_16 -> N15 -> T_2 -> N14 -> N4 -> TYGY,6.83
晚高峰,T_16,GYGY,p,T_16 -> N16 -> N30 -> XYST -> N29 -> GYST -> N31 -> N33 -> N61 -> GYGY,22.98
晚高峰,T_8,GYGY,p,T_8 -> N42 -> T_7 -> N46 -> N33 -> N61 -> GYGY,16.78
晚高峰,T_8,CYGY,b,T_8 -> N42 -> T_7 -> N32 -> GYST -> N28 -> CYGY,37.25
晚高峰,T_9,CYGY,b,T_9 -> N48 -> N49 -> T_7 -> N32 -> GYST -> N28 -> CYGY,30.28
晚高峰,T_3,TYGY,c,T_3 -> N3 -> TYGY,39.63
晚高峰,T_6,CYGY,b,T_6 -> N44 -> N29 -> N28 -> CYGY,22.97
晚高峰,T_4,TYGY,c,T_4 -> N4 -> TYGY,39.12
晚高峰,T_1,CYGY,b,T_1 -> N25 -> N26 -> N27 -> T_2 -> N15 -> T_16 -> N16 -> N30 -> XYST -> N28 -> CYGY,21.33
晚高峰,T_6,GYGY,p,T_6 -> N44 -> N29 -> GYST -> N31 -> N33 -> N61 -> GYGY,18.37
晚高峰,T_2,CYGY,p,T_2 -> N15 -> T_16 -> N16 -> N30 -> XYST -> N28 -> CYGY,28.0
晚高峰,T_16,XYGY,c,T_16 -> N16 -> N30 -> XYST -> N12 -> XYGY,23.72
晚高峰,T_5,GYGY,b,T_5 -> N16 -> N30 -> XYST -> N29 -> GYST -> N31 -> N33 -> N61 -> GYGY,14.87
晚高峰,T_7,GYGY,b,T_7 -> N46 -> N33 -> N61 -> GYGY,14.86
晚高峰,T_2,TYGY,c,T_2 -> N14 -> N4 -> TYGY,4.34
晚高峰,T_4,XYGY,p,T_4 -> N14 -> T_2 -> N15 -> T_16 -> N16 -> N30 -> XYST -> N12 -> XYGY,18.31
晚高峰,T_2,XYGY,b,T_2 -> N15 -> T_16 -> N16 -> N30 -> XYST -> N12 -> XYGY,18.15
晚高峰,T_25,GYGY,c,T_25 -> N48 -> N49 -> T_7 -> N46 -> N33 -> N61 -> GYGY,4.0
晚高峰,T_1,GYGY,b,T_1 -> N25 -> N26 -> N27 -> T_2 -> N15 -> T_16 -> N16 -> N30 -> XYST -> N29 -> GYST -> N31 -> N33 -> N61 -> GYGY,12.85
晚高峰,T_5,CYGY,b,T_5 -> N16 -> N30 -> XYST -> N28 -> CYGY,29.55
晚高峰,T_1,TYGY,c,T_1 -> N25 -> N26 -> N27 -> T_2 -> N14 -> N4 -> TYGY,3.81
晚高峰,T_9,XYGY,c,T_9 -> N48 -> N49 -> T_7 -> N32 -> GYST -> N29 -> XYST -> N12 -> XYGY,19.93
晚高峰,T_10,XYGY,c,T_10 -> N38 -> T_9 -> N48 -> N49 -> T_7 -> N32 -> GYST -> N29 -> XYST -> N12 -> XYGY,10.16
晚高峰,T_10,TYGY,c,T_10 -> N38 -> T_9 -> N48 -> N49 -> T_7 -> N32 -> GYST -> N28 -> XYST -> N30 -> N16 -> T_16 -> N15 -> T_2 -> N14 -> N4 -> TYGY,3.66
晚高峰,T_3,XYGY,p,T_3 -> N5 -> N6 -> T_2 -> N15 -> T_16 -> N16 -> N30 -> XYST -> N12 -> XYGY,15.71
晚高峰,T_9,TYGY,c,T_9 -> N48 -> N49 -> T_7 -> N32 -> GYST -> N29 -> XYST -> N30 -> N16 -> T_16 -> N15 -> T_2 -> N14 -> N4 -> TYGY,3.42
晚高峰,T_1,CYGY,p,T_1 -> N25 -> N26 -> N27 -> T_2 -> N15 -> T_16 -> N16 -> N30 -> XYST -> N28 -> CYGY,13.58
晚高峰,T_6,TYGY,c,T_6 -> N44 -> N29 -> XYST -> N30 -> N16 -> T_16 -> N15 -> T_2 -> N14 -> N4 -> TYGY,3.12
晚高峰,T_8,TYGY,c,T_8 -> N42 -> T_7 -> N32 -> GYST -> N28 -> XYST -> N30 -> N16 -> T_16 -> N15 -> T_2 -> N14 -> N4 -> TYGY,3.03
晚高峰,T_5,GYGY,p,T_5 -> N16 -> N30 -> XYST -> N29 -> GYST -> N31 -> N33 -> N61 -> GYGY,12.62
晚高峰,T_5,TYGY,c,T_5 -> N16 -> T_16 -> N15 -> T_2 -> N14 -> N4 -> TYGY,2.71
晚高峰,T_7,TYGY,c,T_7 -> N32 -> GYST -> N28 -> XYST -> N30 -> N16 -> T_16 -> N15 -> T_2 -> N14 -> N4 -> TYGY,2.52
晚高峰,T_1,GYGY,p,T_1 -> N25 -> N26 -> N27 -> T_2 -> N15 -> T_16 -> N16 -> N30 -> XYST -> N29 -> GYST -> N31 -> N33 -> N61 -> GYGY,6.6
晚高峰,T_6,XYGY,c,T_6 -> N44 -> N29 -> XYST -> N12 -> XYGY,17.98
晚高峰,T_2,GYGY,b,T_2 -> N15 -> T_16 -> N16 -> N30 -> XYST -> N29 -> GYST -> N31 -> N33 -> N61 -> GYGY,9.24
晚高峰,T_25,CYGY,c,T_25 -> N48 -> N49 -> T_7 -> N32 -> GYST -> N28 -> CYGY,6.76
晚高峰,T_1,XYGY,c,T_1 -> N25 -> N26 -> N27 -> T_2 -> N15 -> T_16 -> N16 -> N30 -> XYST -> N12 -> XYGY,9.05
晚高峰,T_10,CYGY,c,T_10 -> N38 -> T_9 -> N48 -> N49 -> T_7 -> N32 -> GYST -> N28 -> CYGY,4.4
晚高峰,T_10,GYGY,c,T_10 -> N38 -> T_9 -> N48 -> N49 -> T_7 -> N46 -> N33 -> N61 -> GYGY,1.02
晚高峰,T_16,CYGY,c,T_16 -> N16 -> N30 -> XYST -> N28 -> CYGY,13.72
晚高峰,T_7,XYGY,c,T_7 -> N32 -> GYST -> N29 -> XYST -> N12 -> XYGY,10.8
晚高峰,T_9,GYGY,c,T_9 -> N48 -> N49 -> T_7 -> N46 -> N33 -> N61 -> GYGY,2.75
晚高峰,T_8,XYGY,c,T_8 -> N42 -> T_7 -> N32 -> GYST -> N29 -> XYST -> N12 -> XYGY,8.1
晚高峰,T_16,GYGY,c,T_16 -> N16 -> N30 -> XYST -> N29 -> GYST -> N31 -> N33 -> N61 -> GYGY,8.27
晚高峰,T_8,GYGY,c,T_8 -> N42 -> T_7 -> N46 -> N33 -> N61 -> GYGY,4.08
晚高峰,T_5,XYGY,c,T_5 -> N16 -> N30 -> XYST -> N12 -> XYGY,10.8
晚高峰,T_4,CYGY,p,T_4 -> N14 -> T_2 -> N15 -> T_16 -> N16 -> N30 -> XYST -> N28 -> CYGY,10.09
晚高峰,T_2,CYGY,b,T_2 -> N15 -> T_16 -> N16 -> N30 -> XYST -> N28 -> CYGY,10.0
晚高峰,T_7,CYGY,c,T_7 -> N32 -> GYST -> N28 -> CYGY,11.87
晚高峰,T_3,CYGY,p,T_3 -> N5 -> N6 -> T_2 -> N15 -> T_16 -> N16 -> N30 -> XYST -> N28 -> CYGY,8.66
晚高峰,T_4,XYGY,b,T_4 -> N14 -> T_2 -> N15 -> T_16 -> N16 -> N30 -> XYST -> N12 -> XYGY,6.35
晚高峰,T_2,GYGY,p,T_2 -> N15 -> T_16 -> N16 -> N30 -> XYST -> N29 -> GYST -> N31 -> N33 -> N61 -> GYGY,4.96
晚高峰,T_6,GYGY,c,T_6 -> N44 -> N29 -> GYST -> N31 -> N33 -> N61 -> GYGY,6.15
晚高峰,T_8,CYGY,c,T_8 -> N42 -> T_7 -> N32 -> GYST -> N28 -> CYGY,8.1
晚高峰,T_3,XYGY,b,T_3 -> N5 -> N6 -> T_2 -> N15 -> T_16 -> N16 -> N30 -> XYST -> N12 -> XYGY,5.45
晚高峰,T_9,CYGY,c,T_9 -> N48 -> N49 -> T_7 -> N32 -> GYST -> N28 -> CYGY,6.06
晚高峰,T_6,CYGY,c,T_6 -> N44 -> N29 -> N28 -> CYGY,4.46
晚高峰,T_4,GYGY,b,T_4 -> N14 -> T_2 -> N15 -> T_16 -> N16 -> N30 -> XYST -> N29 -> GYST -> N31 -> N33 -> N61 -> GYGY,0.37
晚高峰,T_1,CYGY,c,T_1 -> N25 -> N26 -> N27 -> T_2 -> N15 -> T_16 -> N16 -> N30 -> XYST -> N28 -> CYGY,3.88
晚高峰,T_3,GYGY,b,T_3 -> N5 -> N6 -> T_2 -> N15 -> T_16 -> N16 -> N30 -> XYST -> N29 -> GYST -> N31 -> N33 -> N61 -> GYGY,1.83
晚高峰,T_7,GYGY,c,T_7 -> N46 -> N33 -> N61 -> GYGY,2.09
晚高峰,T_2,XYGY,c,T_2 -> N15 -> T_16 -> N16 -> N30 -> XYST -> N12 -> XYGY,3.53
晚高峰,T_5,GYGY,c,T_5 -> N16 -> N30 -> XYST -> N29 -> GYST -> N31 -> N33 -> N61 -> GYGY,1.7
晚高峰,T_5,CYGY,c,T_5 -> N16 -> N30 -> XYST -> N28 -> CYGY,5.91
晚高峰,T_1,GYGY,c,T_1 -> N25 -> N26 -> N27 -> T_2 -> N15 -> T_16 -> N16 -> N30 -> XYST -> N29 -> GYST -> N31 -> N33 -> N61 -> GYGY,1.17
晚高峰,T_4,CYGY,b,T_4 -> N14 -> T_2 -> N15 -> T_16 -> N16 -> N30 -> XYST -> N28 -> CYGY,3.52
晚高峰,T_4,GYGY,p,T_4 -> N14 -> T_2 -> N15 -> T_16 -> N16 -> N30 -> XYST -> N29 -> GYST -> N31 -> N33 -> N61 -> GYGY,0.95
晚高峰,T_3,GYGY,p,T_3 -> N5 -> N6 -> T_2 -> N15 -> T_16 -> N16 -> N30 -> XYST -> N29 -> GYST -> N31 -> N33 -> N61 -> GYGY,0.8
晚高峰,T_3,CYGY,b,T_3 -> N5 -> N6 -> T_2 -> N15 -> T_16 -> N16 -> N30 -> XYST -> N28 -> CYGY,3.02
晚高峰,T_2,GYGY,c,T_2 -> N15 -> T_16 -> N16 -> N30 -> XYST -> N29 -> GYST -> N31 -> N33 -> N61 -> GYGY,0.68
晚高峰,T_2,CYGY,c,T_2 -> N15 -> T_16 -> N16 -> N30 -> XYST -> N28 -> CYGY,1.96
晚高峰,T_4,XYGY,c,T_4 -> N14 -> T_2 -> N15 -> T_16 -> N16 -> N30 -> XYST -> N12 -> XYGY,1.27
晚高峰,T_3,XYGY,c,T_3 -> N5 -> N6 -> T_2 -> N15 -> T_16 -> N16 -> N30 -> XYST -> N12 -> XYGY,1.09
晚高峰,T_4,GYGY,c,T_4 -> N14 -> T_2 -> N15 -> T_16 -> N16 -> N30 -> XYST -> N29 -> GYST -> N31 -> N33 -> N61 -> GYGY,0.41
晚高峰,T_3,GYGY,c,T_3 -> N5 -> N6 -> T_2 -> N15 -> T_16 -> N16 -> N30 -> XYST -> N29 -> GYST -> N31 -> N33 -> N61 -> GYGY,0.44
晚高峰,T_4,CYGY,c,T_4 -> N14 -> T_2 -> N15 -> T_16 -> N16 -> N30 -> XYST -> N28 -> CYGY,0.7
晚高峰,T_3,CYGY,c,T_3 -> N5 -> N6 -> T_2 -> N15 -> T_16 -> N16 -> N30 -> XYST -> N28 -> CYGY,0.6
晚高峰,T_25,XYGY,b,T_25 -> N48 -> N49 -> T_7 -> N32 -> GYST -> N29 -> XYST -> N12 -> XYGY,120.08
晚高峰,T_25,TYGY,b,T_25 -> N48 -> N49 -> T_7 -> N32 -> GYST -> N28 -> XYST -> N30 -> N16 -> T_16 -> N15 -> T_2 -> N14 -> N4 -> TYGY,32.88
晚高峰,T_7,XYGY,p,T_7 -> N32 -> GYST -> N28 -> XYST -> N12 -> XYGY,17.58
晚高峰,T_8,XYGY,p,T_8 -> N42 -> T_7 -> N32 -> GYST -> N29 -> XYST -> N12 -> XYGY,51.54
晚高峰,T_25,XYGY,p,T_25 -> N48 -> N49 -> T_7 -> N32 -> GYST -> N28 -> XYST -> N12 -> XYGY,49.84
晚高峰,T_25,TYGY,p,T_25 -> N48 -> N49 -> T_7 -> N32 -> GYST -> N29 -> XYST -> N30 -> N16 -> T_16 -> N15 -> T_2 -> N14 -> N4 -> TYGY,14.95
晚高峰,T_10,XYGY,p,T_10 -> N38 -> T_9 -> N48 -> N49 -> T_7 -> N32 -> GYST -> N28 -> XYST -> N12 -> XYGY,22.64
晚高峰,T_10,TYGY,p,T_10 -> N38 -> T_9 -> N48 -> N49 -> T_7 -> N32 -> GYST -> N29 -> XYST -> N30 -> N16 -> T_16 -> N15 -> T_2 -> N14 -> N4 -> TYGY,8.01
晚高峰,T_16,GYGY,b,T_16 -> N16 -> N30 -> XYST -> N29 -> GYST -> N31 -> N33 -> N61 -> GYGY,36.11
晚高峰,T_10,GYGY,c,T_10 -> N38 -> T_25 -> N48 -> N49 -> T_7 -> N46 -> N33 -> N61 -> GYGY,1.27
晚高峰,T_8,XYGY,c,T_8 -> N42 -> T_7 -> N32 -> GYST -> N28 -> XYST -> N12 -> XYGY,4.17
晚高峰,T_9,XYGY,b,T_9 -> N48 -> N49 -> T_7 -> N32 -> GYST -> N28 -> XYST -> N12 -> XYGY,26.1
晚高峰,T_10,XYGY,b,T_10 -> N38 -> T_9 -> N48 -> N49 -> T_7 -> N32 -> GYST -> N29 -> XYST -> N12 -> XYGY,17.79
晚高峰,T_10,TYGY,b,T_10 -> N38 -> T_9 -> N48 -> N49 -> T_7 -> N32 -> GYST -> N28 -> XYST -> N30 -> N16 -> T_16 -> N15 -> T_2 -> N14 -> N4 -> TYGY,5.04
晚高峰,T_9,TYGY,b,T_9 -> N48 -> N49 -> T_7 -> N32 -> GYST -> N29 -> XYST -> N30 -> N16 -> T_16 -> N15 -> T_2 -> N14 -> N4 -> TYGY,4.7
晚高峰,T_9,XYGY,p,T_9 -> N48 -> N49 -> T_7 -> N32 -> GYST -> N28 -> XYST -> N12 -> XYGY,16.61
晚高峰,T_4,GYGY,b,T_4 -> N14 -> T_2 -> N15 -> T_16 -> N16 -> N30 -> XYST -> N28 -> GYST -> N31 -> N33 -> N61 -> GYGY,1.12
晚高峰,T_4,GYGY,p,T_4 -> N14 -> T_2 -> N15 -> T_16 -> N16 -> N30 -> XYST -> N28 -> GYST -> N31 -> N33 -> N61 -> GYGY,0.79
晚高峰,T_3,GYGY,p,T_3 -> N5 -> N6 -> T_2 -> N15 -> T_16 -> N16 -> N30 -> XYST -> N28 -> GYST -> N31 -> N33 -> N61 -> GYGY,0.8
晚高峰,T_2,GYGY,c,T_2 -> N15 -> T_16 -> N16 -> N30 -> XYST -> N28 -> GYST -> N31 -> N33 -> N61 -> GYGY,0.37
晚高峰,T_5,GYGY,c,T_5 -> N16 -> N30 -> XYST -> N28 -> GYST -> N31 -> N33 -> N61 -> GYGY,0.8
晚高峰,T_10,CYGY,c,T_10 -> N38 -> T_25 -> N48 -> N49 -> T_7 -> N32 -> GYST -> N28 -> CYGY,1.29
晚高峰,T_16,GYGY,c,T_16 -> N16 -> N30 -> XYST -> N29 -> GYST -> N31 -> N33 -> N60 -> N61 -> GYGY,4.86
晚高峰,T_8,GYGY,c,T_8 -> N42 -> T_7 -> N46 -> N33 -> N60 -> N61 -> GYGY,6.23
晚高峰,T_2,GYGY,p,T_2 -> N15 -> T_16 -> N16 -> N30 -> XYST -> N29 -> GYST -> N31 -> N33 -> N60 -> N61 -> GYGY,3.31
晚高峰,T_6,GYGY,c,T_6 -> N44 -> N29 -> GYST -> N31 -> N33 -> N60 -> N61 -> GYGY,4.7
晚高峰,T_4,GYGY,b,T_4 -> N14 -> T_2 -> N15 -> T_16 -> N16 -> N30 -> XYST -> N28 -> GYST -> N31 -> N33 -> N60 -> N61 -> GYGY,4.1
晚高峰,T_3,GYGY,b,T_3 -> N5 -> N6 -> T_2 -> N15 -> T_16 -> N16 -> N30 -> XYST -> N29 -> GYST -> N31 -> N33 -> N60 -> N61 -> GYGY,3.32
晚高峰,T_7,GYGY,c,T_7 -> N46 -> N33 -> N60 -> N61 -> GYGY,2.64
晚高峰,T_5,GYGY,c,T_5 -> N16 -> N30 -> XYST -> N29 -> GYST -> N31 -> N33 -> N60 -> N61 -> GYGY,2.6
晚高峰,T_1,GYGY,c,T_1 -> N25 -> N26 -> N27 -> T_2 -> N15 -> T_16 -> N16 -> N30 -> XYST -> N29 -> GYST -> N31 -> N33 -> N60 -> N61 -> GYGY,1.44
晚高峰,T_4,GYGY,p,T_4 -> N14 -> T_2 -> N15 -> T_16 -> N16 -> N30 -> XYST -> N28 -> GYST -> N31 -> N33 -> N60 -> N61 -> GYGY,0.95
晚高峰,T_3,GYGY,p,T_3 -> N5 -> N6 -> T_2 -> N15 -> T_16 -> N16 -> N30 -> XYST -> N28 -> GYST -> N31 -> N33 -> N60 -> N61 -> GYGY,0.95
晚高峰,T_2,GYGY,c,T_2 -> N15 -> T_16 -> N16 -> N30 -> XYST -> N28 -> GYST -> N31 -> N33 -> N60 -> N61 -> GYGY,0.63
晚高峰,T_4,GYGY,c,T_4 -> N14 -> T_2 -> N15 -> T_16 -> N16 -> N30 -> XYST -> N29 -> GYST -> N31 -> N33 -> N60 -> N61 -> GYGY,0.54
晚高峰,T_3,GYGY,c,T_3 -> N5 -> N6 -> T_2 -> N15 -> T_16 -> N16 -> N30 -> XYST -> N29 -> GYST -> N31 -> N33 -> N60 -> N61 -> GYGY,0.42
晚高峰,T_25,TYGY,b,T_25 -> N48 -> N49 -> T_7 -> N32 -> GYST -> N28 -> XYST -> N30 -> N16 -> T_16 -> N15 -> T_2 -> N14 -> T_4 -> N4 -> TYGY,70.46
晚高峰,T_25,TYGY,p,T_25 -> N48 -> N49 -> T_7 -> N32 -> GYST -> N29 -> XYST -> N30 -> N16 -> T_16 -> N15 -> T_2 -> N14 -> T_4 -> N4 -> TYGY,29.89
晚高峰,T_25,GYGY,b,T_25 -> N48 -> N49 -> T_7 -> N46 -> N33 -> N60 -> N61 -> GYGY,35.75
晚高峰,T_2,TYGY,b,T_2 -> N14 -> T_4 -> N4 -> TYGY,141.0
晚高峰,T_10,TYGY,b,T_10 -> N38 -> T_9 -> N48 -> N49 -> T_7 -> N32 -> GYST -> N28 -> XYST -> N30 -> N16 -> T_16 -> N15 -> T_2 -> N14 -> T_4 -> N4 -> TYGY,12.59
晚高峰,T_1,TYGY,b,T_1 -> N25 -> N26 -> N27 -> T_2 -> N14 -> T_4 -> N4 -> TYGY,111.82
晚高峰,T_9,TYGY,b,T_9 -> N48 -> N49 -> T_7 -> N32 -> GYST -> N29 -> XYST -> N30 -> N16 -> T_16 -> N15 -> T_2 -> N14 -> T_4 -> N4 -> TYGY,18.79
晚高峰,T_6,TYGY,b,T_6 -> N44 -> N29 -> XYST -> N30 -> N16 -> T_16 -> N15 -> T_2 -> N14 -> T_4 -> N4 -> TYGY,49.4
晚高峰,T_8,TYGY,b,T_8 -> N42 -> T_7 -> N32 -> GYST -> N28 -> XYST -> N30 -> N16 -> T_16 -> N15 -> T_2 -> N14 -> T_4 -> N4 -> TYGY,47.92
晚高峰,T_25,GYGY,p,T_25 -> N48 -> N49 -> T_7 -> N46 -> N33 -> N60 -> N61 -> GYGY,12.25
晚高峰,T_7,TYGY,b,T_7 -> N32 -> GYST -> N29 -> XYST -> N30 -> N16 -> T_16 -> N15 -> T_2 -> N14 -> T_4 -> N4 -> TYGY,39.88
晚高峰,T_5,TYGY,b,T_5 -> N16 -> T_16 -> N15 -> T_2 -> N14 -> T_4 -> N4 -> TYGY,87.93
晚高峰,T_10,TYGY,p,T_10 -> N38 -> T_9 -> N48 -> N49 -> T_7 -> N32 -> GYST -> N28 -> XYST -> N30 -> N16 -> T_16 -> N15 -> T_2 -> N14 -> T_4 -> N4 -> TYGY,8.01
晚高峰,T_7,GYGY,p,T_7 -> N46 -> N33 -> N60 -> N61 -> GYGY,26.21
晚高峰,T_9,TYGY,p,T_9 -> N48 -> N49 -> T_7 -> N32 -> GYST -> N28 -> XYST -> N30 -> N16 -> T_16 -> N15 -> T_2 -> N14 -> T_4 -> N4 -> TYGY,41.85
晚高峰,T_10,GYGY,b,T_10 -> N38 -> T_9 -> N48 -> N49 -> T_7 -> N46 -> N33 -> N60 -> N61 -> GYGY,9.81
晚高峰,T_9,GYGY,b,T_9 -> N48 -> N49 -> T_7 -> N46 -> N33 -> N60 -> N61 -> GYGY,11.0
晚高峰,T_6,TYGY,p,T_6 -> N44 -> N29 -> XYST -> N30 -> N16 -> T_16 -> N15 -> T_2 -> N14 -> T_4 -> N4 -> TYGY,30.07
晚高峰,T_16,GYGY,b,T_16 -> N16 -> N30 -> XYST -> N29 -> GYST -> N31 -> N33 -> N60 -> N61 -> GYGY,34.77
晚高峰,T_8,TYGY,p,T_8 -> N42 -> T_7 -> N32 -> GYST -> N29 -> XYST -> N30 -> N16 -> T_16 -> N15 -> T_2 -> N14 -> T_4 -> N4 -> TYGY,38.45
晚高峰,T_8,GYGY,b,T_8 -> N42 -> T_7 -> N46 -> N33 -> N60 -> N61 -> GYGY,34.28
晚高峰,T_16,TYGY,c,T_16 -> N15 -> T_2 -> N14 -> T_4 -> N4 -> TYGY,61.42
晚高峰,T_7,TYGY,p,T_7 -> N32 -> GYST -> N29 -> XYST -> N30 -> N16 -> T_16 -> N15 -> T_2 -> N14 -> T_4 -> N4 -> TYGY,33.11
晚高峰,T_6,GYGY,b,T_6 -> N44 -> N29 -> GYST -> N31 -> N33 -> N60 -> N61 -> GYGY,26.87
晚高峰,T_10,GYGY,p,T_10 -> N38 -> T_9 -> N48 -> N49 -> T_7 -> N46 -> N33 -> N60 -> N61 -> GYGY,6.24
晚高峰,T_9,GYGY,p,T_9 -> N48 -> N49 -> T_7 -> N46 -> N33 -> N60 -> N61 -> GYGY,7.87
晚高峰,T_25,TYGY,c,T_25 -> N48 -> N49 -> T_7 -> N32 -> GYST -> N28 -> XYST -> N30 -> N16 -> T_16 -> N15 -> T_2 -> N14 -> T_4 -> N4 -> TYGY,11.96
晚高峰,T_16,GYGY,p,T_16 -> N16 -> N30 -> XYST -> N29 -> GYST -> N31 -> N33 -> N60 -> N61 -> GYGY,23.83
晚高峰,T_8,GYGY,p,T_8 -> N42 -> T_7 -> N46 -> N33 -> N60 -> N61 -> GYGY,19.3
晚高峰,T_6,GYGY,p,T_6 -> N44 -> N29 -> GYST -> N31 -> N33 -> N60 -> N61 -> GYGY,19.63
晚高峰,T_5,GYGY,b,T_5 -> N16 -> N30 -> XYST -> N29 -> GYST -> N31 -> N33 -> N60 -> N61 -> GYGY,18.18
晚高峰,T_7,GYGY,b,T_7 -> N46 -> N33 -> N60 -> N61 -> GYGY,8.81
晚高峰,T_2,TYGY,c,T_2 -> N14 -> T_4 -> N4 -> TYGY,28.2
晚高峰,T_25,GYGY,c,T_25 -> N48 -> N49 -> T_7 -> N46 -> N33 -> N60 -> N61 -> GYGY,7.5
晚高峰,T_1,GYGY,b,T_1 -> N25 -> N26 -> N27 -> T_2 -> N15 -> T_16 -> N16 -> N30 -> XYST -> N29 -> GYST -> N31 -> N33 -> N60 -> N61 -> GYGY,3.46
晚高峰,T_1,TYGY,c,T_1 -> N25 -> N26 -> N27 -> T_2 -> N14 -> T_4 -> N4 -> TYGY,21.89
晚高峰,T_10,TYGY,c,T_10 -> N38 -> T_9 -> N48 -> N49 -> T_7 -> N32 -> GYST -> N28 -> XYST -> N30 -> N16 -> T_16 -> N15 -> T_2 -> N14 -> T_4 -> N4 -> TYGY,6.41
晚高峰,T_9,TYGY,c,T_9 -> N48 -> N49 -> T_7 -> N32 -> GYST -> N29 -> XYST -> N30 -> N16 -> T_16 -> N15 -> T_2 -> N14 -> T_4 -> N4 -> TYGY,11.96
晚高峰,T_6,TYGY,c,T_6 -> N44 -> N29 -> XYST -> N30 -> N16 -> T_16 -> N15 -> T_2 -> N14 -> T_4 -> N4 -> TYGY,8.59
晚高峰,T_8,TYGY,c,T_8 -> N42 -> T_7 -> N32 -> GYST -> N28 -> XYST -> N30 -> N16 -> T_16 -> N15 -> T_2 -> N14 -> T_4 -> N4 -> TYGY,11.37
晚高峰,T_5,GYGY,p,T_5 -> N16 -> N30 -> XYST -> N29 -> GYST -> N31 -> N33 -> N60 -> N61 -> GYGY,6.31
晚高峰,T_5,TYGY,c,T_5 -> N16 -> T_16 -> N15 -> T_2 -> N14 -> T_4 -> N4 -> TYGY,17.59
晚高峰,T_7,TYGY,c,T_7 -> N32 -> GYST -> N28 -> XYST -> N30 -> N16 -> T_16 -> N15 -> T_2 -> N14 -> T_4 -> N4 -> TYGY,7.57
晚高峰,T_1,GYGY,p,T_1 -> N25 -> N26 -> N27 -> T_2 -> N15 -> T_16 -> N16 -> N30 -> XYST -> N29 -> GYST -> N31 -> N33 -> N60 -> N61 -> GYGY,3.77
晚高峰,T_2,GYGY,b,T_2 -> N15 -> T_16 -> N16 -> N30 -> XYST -> N29 -> GYST -> N31 -> N33 -> N60 -> N61 -> GYGY,3.75
晚高峰,T_10,GYGY,c,T_10 -> N38 -> T_25 -> N48 -> N49 -> T_7 -> N46 -> N33 -> N60 -> N61 -> GYGY,1.02
晚高峰,T_9,GYGY,c,T_9 -> N48 -> N49 -> T_7 -> N46 -> N33 -> N60 -> N61 -> GYGY,1.75
晚高峰,T_5,GYGY,c,T_5 -> N16 -> N30 -> XYST -> N28 -> GYST -> N31 -> N33 -> N60 -> N61 -> GYGY,0.9
晚高峰,T_4,GYGY,p,T_4 -> N14 -> T_2 -> N15 -> T_16 -> N16 -> N30 -> XYST -> N29 -> GYST -> N31 -> N33 -> N60 -> N61 -> GYGY,0.79
晚高峰,T_3,GYGY,p,T_3 -> N5 -> N6 -> T_2 -> N15 -> T_16 -> N16 -> N30 -> XYST -> N29 -> GYST -> N31 -> N33 -> N60 -> N61 -> GYGY,0.66
晚高峰,T_2,GYGY,c,T_2 -> N15 -> T_16 -> N16 -> N30 -> XYST -> N29 -> GYST -> N31 -> N33 -> N60 -> N61 -> GYGY,0.63
晚高峰,T_16,TYGY,p,T_16 -> N15 -> T_2 -> N14 -> T_4 -> N4 -> TYGY,843.41
晚高峰,T_2,TYGY,p,T_2 -> N14 -> T_4 -> N4 -> TYGY,379.61
晚高峰,T_1,TYGY,p,T_1 -> N25 -> N26 -> N27 -> T_2 -> N14 -> T_4 -> N4 -> TYGY,306.44
晚高峰,T_16,TYGY,b,T_16 -> N15 -> T_2 -> N14 -> T_4 -> N4 -> TYGY,301.22
晚高峰,T_5,TYGY,p,T_5 -> N16 -> T_16 -> N15 -> T_2 -> N14 -> T_4 -> N4 -> TYGY,241.48
晚高峰,T_25,TYGY,p,T_25 -> N48 -> N49 -> T_7 -> N32 -> GYST -> N28 -> XYST -> N30 -> N16 -> T_16 -> N15 -> T_2 -> N14 -> T_4 -> N4 -> TYGY,14.95
晚高峰,T_10,TYGY,b,T_10 -> N38 -> T_9 -> N48 -> N49 -> T_7 -> N32 -> GYST -> N29 -> XYST -> N30 -> N16 -> T_16 -> N15 -> T_2 -> N14 -> T_4 -> N4 -> TYGY,25.19
晚高峰,T_9,TYGY,b,T_9 -> N48 -> N49 -> T_7 -> N32 -> GYST -> N28 -> XYST -> N30 -> N16 -> T_16 -> N15 -> T_2 -> N14 -> T_4 -> N4 -> TYGY,46.97
晚高峰,T_10,TYGY,p,T_10 -> N38 -> T_9 -> N48 -> N49 -> T_7 -> N32 -> GYST -> N29 -> XYST -> N30 -> N16 -> T_16 -> N15 -> T_2 -> N14 -> T_4 -> N4 -> TYGY,14.43
晚高峰,T_10,GYGY,c,T_10 -> N38 -> T_9 -> N48 -> N49 -> T_7 -> N46 -> N33 -> N60 -> N61 -> GYGY,1.27
晚高峰,T_1,GYGY,c,T_1 -> N25 -> N26 -> N27 -> T_2 -> N15 -> T_16 -> N16 -> N30 -> XYST -> N28 -> GYST -> N31 -> N33 -> N60 -> N61 -> GYGY,0.36
晚高峰,T_10,GYGY,b,T_10 -> N38 -> T_9 -> N47 -> N46 -> N33 -> N61 -> GYGY,35.02
晚高峰,T_9,GYGY,b,T_9 -> N47 -> N46 -> N33 -> N60 -> N61 -> GYGY,30.25
晚高峰,T_10,GYGY,p,T_10 -> N38 -> T_9 -> N47 -> N46 -> N33 -> N61 -> GYGY,15.15
晚高峰,T_9,GYGY,p,T_9 -> N47 -> N46 -> N33 -> N61 -> GYGY,17.5
晚高峰,T_10,GYGY,c,T_10 -> N38 -> T_9 -> N47 -> N46 -> N33 -> N60 -> N61 -> GYGY,3.57
晚高峰,T_9,GYGY,c,T_9 -> N47 -> N46 -> N33 -> N61 -> GYGY,3.25
晚高峰,T_10,GYGY,p,T_10 -> N38 -> T_9 -> N47 -> N46 -> N33 -> N60 -> N61 -> GYGY,22.29
晚高峰,T_9,GYGY,p,T_9 -> N47 -> N46 -> N33 -> N60 -> N61 -> GYGY,19.25
晚高峰,T_10,GYGY,c,T_10 -> N38 -> T_9 -> N47 -> N46 -> N33 -> N61 -> GYGY,7.13
晚高峰,T_9,GYGY,c,T_9 -> N47 -> N46 -> N33 -> N60 -> N61 -> GYGY,7.25
晚高峰,T_10,GYGY,b,T_10 -> N38 -> T_9 -> N47 -> N46 -> N33 -> N60 -> N61 -> GYGY,23.81
晚高峰,T_25,GYGY,p,T_25 -> N39 -> N40 -> T_8 -> N42 -> T_7 -> N46 -> N33 -> N61 -> GYGY,24.5
晚高峰,T_10,XYGY,p,T_10 -> N38 -> T_25 -> N39 -> N40 -> T_8 -> N42 -> T_7 -> N32 -> GYST -> N28 -> XYST -> N12 -> XYGY,9.7
晚高峰,T_10,TYGY,p,T_10 -> N38 -> T_25 -> N39 -> N40 -> T_8 -> N42 -> T_7 -> N32 -> GYST -> N29 -> XYST -> N30 -> N16 -> T_16 -> N15 -> T_2 -> N14 -> T_4 -> N4 -> TYGY,17.63
晚高峰,T_10,CYGY,b,T_10 -> N38 -> T_25 -> N39 -> N40 -> T_8 -> N42 -> T_7 -> N32 -> GYST -> N28 -> CYGY,28.46
晚高峰,T_25,CYGY,b,T_25 -> N39 -> N40 -> T_8 -> N42 -> T_7 -> N32 -> GYST -> N28 -> CYGY,29.58
晚高峰,T_25,XYGY,c,T_25 -> N39 -> N40 -> T_8 -> N42 -> T_7 -> N32 -> GYST -> N29 -> XYST -> N12 -> XYGY,18.04
晚高峰,T_10,CYGY,p,T_10 -> N38 -> T_25 -> N39 -> N40 -> T_8 -> N42 -> T_7 -> N32 -> GYST -> N28 -> CYGY,16.3
晚高峰,T_25,TYGY,c,T_25 -> N39 -> N40 -> T_8 -> N42 -> T_7 -> N32 -> GYST -> N28 -> XYST -> N30 -> N16 -> T_16 -> N15 -> T_2 -> N14 -> T_4 -> N4 -> TYGY,11.96
晚高峰,T_25,GYGY,c,T_25 -> N39 -> N40 -> T_8 -> N42 -> T_7 -> N46 -> N33 -> N60 -> N61 -> GYGY,7.0
晚高峰,T_10,XYGY,c,T_10 -> N38 -> T_25 -> N39 -> N40 -> T_8 -> N42 -> T_7 -> N32 -> GYST -> N29 -> XYST -> N12 -> XYGY,9.24
晚高峰,T_10,TYGY,c,T_10 -> N38 -> T_25 -> N39 -> N40 -> T_8 -> N42 -> T_7 -> N32 -> GYST -> N28 -> XYST -> N30 -> N16 -> T_16 -> N15 -> T_2 -> N14 -> T_4 -> N4 -> TYGY,6.41
晚高峰,T_25,CYGY,c,T_25 -> N39 -> N40 -> T_8 -> N42 -> T_7 -> N32 -> GYST -> N28 -> CYGY,5.92
晚高峰,T_10,CYGY,c,T_10 -> N38 -> T_25 -> N39 -> N40 -> T_8 -> N42 -> T_7 -> N32 -> GYST -> N28 -> CYGY,5.17
晚高峰,T_25,XYGY,b,T_25 -> N39 -> N40 -> T_8 -> N42 -> T_7 -> N32 -> GYST -> N29 -> XYST -> N12 -> XYGY,104.42
晚高峰,T_25,TYGY,b,T_25 -> N39 -> N40 -> T_8 -> N42 -> T_7 -> N32 -> GYST -> N28 -> XYST -> N30 -> N16 -> T_16 -> N15 -> T_2 -> N14 -> T_4 -> N4 -> TYGY,65.76
晚高峰,T_25,CYGY,p,T_25 -> N39 -> N40 -> T_8 -> N42 -> T_7 -> N32 -> GYST -> N28 -> CYGY,74.94
晚高峰,T_25,XYGY,p,T_25 -> N39 -> N40 -> T_8 -> N42 -> T_7 -> N32 -> GYST -> N28 -> XYST -> N12 -> XYGY,16.61
晚高峰,T_25,TYGY,p,T_25 -> N39 -> N40 -> T_8 -> N42 -> T_7 -> N32 -> GYST -> N29 -> XYST -> N30 -> N16 -> T_16 -> N15 -> T_2 -> N14 -> T_4 -> N4 -> TYGY,14.95
晚高峰,T_25,GYGY,b,T_25 -> N39 -> N40 -> T_8 -> N42 -> T_7 -> N46 -> N33 -> N61 -> GYGY,13.75
晚高峰,T_10,XYGY,b,T_10 -> N38 -> T_25 -> N39 -> N40 -> T_8 -> N42 -> T_7 -> N32 -> GYST -> N29 -> XYST -> N12 -> XYGY,7.62
晚高峰,T_10,TYGY,b,T_10 -> N38 -> T_25 -> N39 -> N40 -> T_8 -> N42 -> T_7 -> N32 -> GYST -> N28 -> XYST -> N30 -> N16 -> T_16 -> N15 -> T_2 -> N14 -> T_4 -> N4 -> TYGY,7.56
晚高峰,T_25,GYGY,p,T_25 -> N39 -> N40 -> T_8 -> N42 -> T_7 -> N46 -> N33 -> N60 -> N61 -> GYGY,10.5
晚高峰,T_10,XYGY,p,T_10 -> N38 -> T_25 -> N39 -> N40 -> T_8 -> N42 -> T_7 -> N32 -> GYST -> N29 -> XYST -> N12 -> XYGY,22.64
晚高峰,T_10,TYGY,p,T_10 -> N38 -> T_25 -> N39 -> N40 -> T_8 -> N42 -> T_7 -> N32 -> GYST -> N28 -> XYST -> N30 -> N16 -> T_16 -> N15 -> T_2 -> N14 -> T_4 -> N4 -> TYGY,4.81
晚高峰,T_25,GYGY,c,T_25 -> N39 -> N40 -> T_8 -> N42 -> T_7 -> N46 -> N33 -> N61 -> GYGY,2.5
晚高峰,T_25,XYGY,p,T_25 -> N39 -> N40 -> T_8 -> N42 -> T_7 -> N32 -> GYST -> N29 -> XYST -> N12 -> XYGY,39.87
晚高峰,T_25,TYGY,p,T_25 -> N39 -> N40 -> T_8 -> N42 -> T_7 -> N32 -> GYST -> N28 -> XYST -> N30 -> N16 -> T_16 -> N15 -> T_2 -> N14 -> T_4 -> N4 -> TYGY,26.9
晚高峰,T_25,GYGY,b,T_25 -> N39 -> N40 -> T_8 -> N42 -> T_7 -> N46 -> N33 -> N60 -> N61 -> GYGY,33.0
晚高峰,T_10,XYGY,b,T_10 -> N38 -> T_25 -> N39 -> N40 -> T_8 -> N42 -> T_7 -> N32 -> GYST -> N28 -> XYST -> N12 -> XYGY,40.65
晚高峰,T_10,TYGY,b,T_10 -> N38 -> T_25 -> N39 -> N40 -> T_8 -> N42 -> T_7 -> N32 -> GYST -> N29 -> XYST -> N30 -> N16 -> T_16 -> N15 -> T_2 -> N14 -> T_4 -> N4 -> TYGY,25.19
晚高峰,T_9,GYGY,b,T_9 -> N47 -> N46 -> N33 -> N61 -> GYGY,27.5
晚高峰,T_6,TYGY,p,T_6 -> N45 -> N18 -> T_1 -> N25 -> N26 -> N27 -> T_2 -> N14 -> T_4 -> N4 -> TYGY,32.8
晚高峰,T_6,TYGY,c,T_6 -> N45 -> N18 -> T_1 -> N25 -> N26 -> N27 -> T_2 -> N14 -> T_4 -> N4 -> TYGY,9.37
晚高峰,T_7,TYGY,c,T_7 -> N32 -> GYST -> N29 -> XYST -> N30 -> N16 -> T_16 -> N15 -> T_2 -> N14 -> T_4 -> N4 -> TYGY,2.52
晚高峰,T_6,TYGY,b,T_6 -> N45 -> N18 -> T_1 -> N25 -> N26 -> N27 -> T_2 -> N14 -> T_4 -> N4 -> TYGY,51.54
晚高峰,T_8,TYGY,b,T_8 -> N42 -> T_7 -> N32 -> GYST -> N29 -> XYST -> N30 -> N16 -> T_16 -> N15 -> T_2 -> N14 -> T_4 -> N4 -> TYGY,12.5
晚高峰,T_7,TYGY,b,T_7 -> N32 -> GYST -> N28 -> XYST -> N30 -> N16 -> T_16 -> N15 -> T_2 -> N14 -> T_4 -> N4 -> TYGY,17.34
晚高峰,T_1,XYGY,p,T_1 -> N18 -> N16 -> N30 -> XYST -> N12 -> XYGY,1.92
晚高峰,T_1,CYGY,b,T_1 -> N18 -> N16 -> N30 -> XYST -> N28 -> CYGY,7.76
晚高峰,T_1,GYGY,b,T_1 -> N18 -> N16 -> N30 -> XYST -> N29 -> GYST -> N31 -> N33 -> N61 -> GYGY,0.49
晚高峰,T_1,CYGY,p,T_1 -> N18 -> N16 -> N30 -> XYST -> N28 -> CYGY,4.94
晚高峰,T_1,GYGY,p,T_1 -> N18 -> N16 -> N30 -> XYST -> N29 -> GYST -> N31 -> N33 -> N61 -> GYGY,0.31
晚高峰,T_1,XYGY,c,T_1 -> N18 -> N16 -> N30 -> XYST -> N12 -> XYGY,0.55
晚高峰,T_1,CYGY,c,T_1 -> N18 -> N16 -> N30 -> XYST -> N28 -> CYGY,1.41
晚高峰,T_1,GYGY,c,T_1 -> N18 -> N16 -> N30 -> XYST -> N29 -> GYST -> N31 -> N33 -> N61 -> GYGY,0.18
晚高峰,T_1,XYGY,b,T_1 -> N18 -> N16 -> N30 -> XYST -> N12 -> XYGY,1.51
晚高峰,T_1,GYGY,b,T_1 -> N18 -> N16 -> N30 -> XYST -> N29 -> GYST -> N31 -> N33 -> N60 -> N61 -> GYGY,0.99
晚高峰,T_1,GYGY,p,T_1 -> N18 -> N16 -> N30 -> XYST -> N29 -> GYST -> N31 -> N33 -> N60 -> N61 -> GYGY,0.63
晚高峰,T_4,XYGY,b,T_4 -> N14 -> T_2 -> N15 -> N11 -> N12 -> XYGY,4.86
晚高峰,T_3,XYGY,b,T_3 -> N5 -> N6 -> T_2 -> N15 -> N11 -> N12 -> XYGY,4.17
晚高峰,T_6,CYGY,c,T_6 -> N44 -> N28 -> CYGY,3.41
晚高峰,T_2,XYGY,c,T_2 -> N15 -> N11 -> N12 -> XYGY,2.7
晚高峰,T_1,GYGY,c,T_1 -> N18 -> N16 -> N30 -> XYST -> N29 -> GYST -> N31 -> N33 -> N60 -> N61 -> GYGY,0.09
晚高峰,T_4,XYGY,c,T_4 -> N14 -> T_2 -> N15 -> N11 -> N12 -> XYGY,0.97
晚高峰,T_3,XYGY,c,T_3 -> N5 -> N6 -> T_2 -> N15 -> N11 -> N12 -> XYGY,0.83
晚高峰,T_6,CYGY,p,T_6 -> N44 -> N28 -> CYGY,45.94
晚高峰,T_1,XYGY,b,T_1 -> N25 -> N26 -> N27 -> T_2 -> N15 -> N11 -> N12 -> XYGY,28.66
晚高峰,T_2,XYGY,p,T_2 -> N15 -> N11 -> N12 -> XYGY,36.29
晚高峰,T_1,XYGY,p,T_1 -> N25 -> N26 -> N27 -> T_2 -> N15 -> N11 -> N12 -> XYGY,18.24
晚高峰,T_6,CYGY,b,T_6 -> N44 -> N28 -> CYGY,16.41
晚高峰,T_4,XYGY,p,T_4 -> N14 -> T_2 -> N15 -> N11 -> N12 -> XYGY,13.08
晚高峰,T_2,XYGY,b,T_2 -> N15 -> N11 -> N12 -> XYGY,12.96
晚高峰,T_3,XYGY,p,T_3 -> N5 -> N6 -> T_2 -> N15 -> N11 -> N12 -> XYGY,11.22
晚高峰,T_1,XYGY,c,T_1 -> N25 -> N26 -> N27 -> T_2 -> N15 -> N11 -> N12 -> XYGY,5.21
晚高峰,T_25,TYGY,p,T_25 -> N39 -> N40 -> T_8 -> N42 -> T_7 -> N32 -> GYST -> N28 -> XYST -> N12 -> N11 -> N10 -> N9 -> N8 -> N7 -> TYGY,17.93
晚高峰,T_10,TYGY,b,T_10 -> N38 -> T_25 -> N39 -> N40 -> T_8 -> N42 -> T_7 -> N32 -> GYST -> N29 -> XYST -> N12 -> N11 -> N10 -> N9 -> N8 -> N7 -> TYGY,12.59
晚高峰,T_9,TYGY,b,T_9 -> N48 -> N49 -> T_7 -> N32 -> GYST -> N28 -> XYST -> N12 -> N11 -> N10 -> N9 -> N8 -> N7 -> TYGY,14.09
晚高峰,T_8,TYGY,b,T_8 -> N42 -> T_7 -> N32 -> GYST -> N29 -> XYST -> N12 -> N11 -> N10 -> N9 -> N8 -> N7 -> TYGY,37.5
晚高峰,T_7,TYGY,b,T_7 -> N32 -> GYST -> N28 -> XYST -> N12 -> N11 -> N10 -> N9 -> N8 -> N7 -> TYGY,32.95
晚高峰,T_10,TYGY,p,T_10 -> N38 -> T_25 -> N39 -> N40 -> T_8 -> N42 -> T_7 -> N32 -> GYST -> N29 -> XYST -> N12 -> N11 -> N10 -> N9 -> N8 -> N7 -> TYGY,9.62
晚高峰,T_9,TYGY,p,T_9 -> N48 -> N49 -> T_7 -> N32 -> GYST -> N28 -> XYST -> N12 -> N11 -> N10 -> N9 -> N8 -> N7 -> TYGY,8.97
晚高峰,T_8,TYGY,p,T_8 -> N42 -> T_7 -> N32 -> GYST -> N29 -> XYST -> N12 -> N11 -> N10 -> N9 -> N8 -> N7 -> TYGY,21.21
晚高峰,T_7,TYGY,p,T_7 -> N32 -> GYST -> N29 -> XYST -> N12 -> N11 -> N10 -> N9 -> N8 -> N7 -> TYGY,17.66
晚高峰,T_25,TYGY,c,T_25 -> N39 -> N40 -> T_8 -> N42 -> T_7 -> N32 -> GYST -> N28 -> XYST -> N12 -> N11 -> N10 -> N9 -> N8 -> N7 -> TYGY,4.27
晚高峰,T_1,GYGY,b,T_1 -> N18 -> N45 -> T_6 -> N44 -> N29 -> GYST -> N31 -> N33 -> N61 -> GYGY,7.9
晚高峰,T_10,TYGY,c,T_10 -> N38 -> T_25 -> N39 -> N40 -> T_8 -> N42 -> T_7 -> N32 -> GYST -> N28 -> XYST -> N12 -> N11 -> N10 -> N9 -> N8 -> N7 -> TYGY,1.83
晚高峰,T_9,TYGY,c,T_9 -> N48 -> N49 -> T_7 -> N32 -> GYST -> N29 -> XYST -> N12 -> N11 -> N10 -> N9 -> N8 -> N7 -> TYGY,2.56
晚高峰,T_8,TYGY,c,T_8 -> N42 -> T_7 -> N32 -> GYST -> N28 -> XYST -> N12 -> N11 -> N10 -> N9 -> N8 -> N7 -> TYGY,4.92
晚高峰,T_7,TYGY,c,T_7 -> N32 -> GYST -> N29 -> XYST -> N12 -> N11 -> N10 -> N9 -> N8 -> N7 -> TYGY,5.04
晚高峰,T_1,GYGY,p,T_1 -> N18 -> N45 -> T_6 -> N44 -> N29 -> GYST -> N31 -> N33 -> N61 -> GYGY,5.03
晚高峰,T_1,GYGY,c,T_1 -> N18 -> N45 -> T_6 -> N44 -> N29 -> GYST -> N31 -> N33 -> N61 -> GYGY,1.26
晚高峰,T_3,GYGY,c,T_3 -> N5 -> N6 -> T_2 -> N15 -> T_16 -> N16 -> N30 -> XYST -> N28 -> GYST -> N31 -> N33 -> N61 -> GYGY,0.04
晚高峰,T_25,TYGY,b,T_25 -> N39 -> N40 -> T_8 -> N42 -> T_7 -> N32 -> GYST -> N28 -> XYST -> N12 -> N11 -> N10 -> N9 -> N8 -> N7 -> TYGY,18.79
晚高峰,T_7,XYGY,c,T_7 -> N32 -> GYST -> N28 -> XYST -> N12 -> XYGY,4.27
晚高峰,T_4,GYGY,c,T_4 -> N14 -> T_2 -> N15 -> T_16 -> N16 -> N30 -> XYST -> N28 -> GYST -> N31 -> N33 -> N60 -> N61 -> GYGY,0.02
晚高峰,T_10,TYGY,b,T_10 -> N38 -> T_25 -> N48 -> N49 -> T_7 -> N32 -> GYST -> N29 -> XYST -> N12 -> N11 -> N10 -> N9 -> N8 -> N7 -> TYGY,2.52
晚高峰,T_10,CYGY,p,T_10 -> N38 -> T_25 -> N48 -> N49 -> T_7 -> N32 -> GYST -> N28 -> CYGY,1.81
晚高峰,T_25,TYGY,c,T_25 -> N48 -> N49 -> T_7 -> N32 -> GYST -> N28 -> XYST -> N12 -> N11 -> N10 -> N9 -> N8 -> N7 -> TYGY,1.71
晚高峰,T_10,TYGY,c,T_10 -> N38 -> T_25 -> N48 -> N49 -> T_7 -> N32 -> GYST -> N28 -> XYST -> N12 -> N11 -> N10 -> N9 -> N8 -> N7 -> TYGY,0.92
晚高峰,T_25,TYGY,b,T_25 -> N48 -> N49 -> T_7 -> N32 -> GYST -> N28 -> XYST -> N12 -> N11 -> N10 -> N9 -> N8 -> N7 -> TYGY,18.79
晚高峰,T_16,XYGY,c,T_16 -> N15 -> N11 -> N12 -> XYGY,11.86
晚高峰,T_1,GYGY,c,T_1 -> N18 -> N45 -> T_6 -> N44 -> N29 -> GYST -> N31 -> N33 -> N60 -> N61 -> GYGY,0.9
晚高峰,T_4,GYGY,c,T_4 -> N14 -> T_2 -> N15 -> T_16 -> N16 -> N30 -> XYST -> N28 -> GYST -> N31 -> N33 -> N61 -> GYGY,0.02
晚高峰,T_16,XYGY,p,T_16 -> N15 -> N11 -> N12 -> XYGY,157.74
晚高峰,T_16,XYGY,b,T_16 -> N15 -> N11 -> N12 -> XYGY,56.34
晚高峰,T_25,TYGY,p,T_25 -> N48 -> N49 -> T_7 -> N32 -> GYST -> N28 -> XYST -> N12 -> N11 -> N10 -> N9 -> N8 -> N7 -> TYGY,5.98
晚高峰,T_25,GYGY,b,T_25 -> N38 -> T_9 -> N47 -> N46 -> N33 -> N61 -> GYGY,16.5
晚高峰,T_9,XYGY,b,T_9 -> N47 -> N46 -> T_7 -> N32 -> GYST -> N29 -> XYST -> N12 -> XYGY,46.99
晚高峰,T_10,XYGY,b,T_10 -> N38 -> T_9 -> N47 -> N46 -> T_7 -> N32 -> GYST -> N28 -> XYST -> N12 -> XYGY,45.74
晚高峰,T_10,TYGY,b,T_10 -> N38 -> T_9 -> N47 -> N46 -> T_7 -> N32 -> GYST -> N29 -> XYST -> N12 -> N11 -> N10 -> N9 -> N8 -> N7 -> TYGY,25.19
晚高峰,T_9,TYGY,b,T_9 -> N47 -> N46 -> T_7 -> N32 -> GYST -> N28 -> XYST -> N12 -> N11 -> N10 -> N9 -> N8 -> N7 -> TYGY,37.58
晚高峰,T_9,CYGY,p,T_9 -> N47 -> N46 -> T_7 -> N32 -> GYST -> N28 -> CYGY,33.52
晚高峰,T_25,GYGY,p,T_25 -> N38 -> T_9 -> N47 -> N46 -> N33 -> N60 -> N61 -> GYGY,10.5
晚高峰,T_9,XYGY,p,T_9 -> N47 -> N46 -> T_7 -> N32 -> GYST -> N29 -> XYST -> N12 -> XYGY,29.9
晚高峰,T_10,XYGY,p,T_10 -> N38 -> T_9 -> N47 -> N46 -> T_7 -> N32 -> GYST -> N29 -> XYST -> N12 -> XYGY,25.87
晚高峰,T_10,TYGY,p,T_10 -> N38 -> T_9 -> N47 -> N46 -> T_7 -> N32 -> GYST -> N29 -> XYST -> N12 -> N11 -> N10 -> N9 -> N8 -> N7 -> TYGY,16.03
晚高峰,T_9,TYGY,p,T_9 -> N47 -> N46 -> T_7 -> N32 -> GYST -> N28 -> XYST -> N12 -> N11 -> N10 -> N9 -> N8 -> N7 -> TYGY,20.92
晚高峰,T_10,CYGY,b,T_10 -> N38 -> T_9 -> N47 -> N46 -> T_7 -> N32 -> GYST -> N28 -> CYGY,22.77
晚高峰,T_10,CYGY,p,T_10 -> N38 -> T_9 -> N47 -> N46 -> T_7 -> N32 -> GYST -> N28 -> CYGY,14.49
晚高峰,T_9,CYGY,b,T_9 -> N47 -> N46 -> T_7 -> N32 -> GYST -> N28 -> CYGY,11.97
晚高峰,T_25,GYGY,c,T_25 -> N38 -> T_9 -> N47 -> N46 -> N33 -> N60 -> N61 -> GYGY,3.5
晚高峰,T_9,XYGY,c,T_9 -> N47 -> N46 -> T_7 -> N32 -> GYST -> N29 -> XYST -> N12 -> XYGY,8.54
晚高峰,T_10,XYGY,c,T_10 -> N38 -> T_9 -> N47 -> N46 -> T_7 -> N32 -> GYST -> N29 -> XYST -> N12 -> XYGY,5.08
晚高峰,T_10,TYGY,c,T_10 -> N38 -> T_9 -> N47 -> N46 -> T_7 -> N32 -> GYST -> N28 -> XYST -> N12 -> N11 -> N10 -> N9 -> N8 -> N7 -> TYGY,3.66
晚高峰,T_9,TYGY,c,T_9 -> N47 -> N46 -> T_7 -> N32 -> GYST -> N29 -> XYST -> N12 -> N11 -> N10 -> N9 -> N8 -> N7 -> TYGY,4.7
晚高峰,T_10,CYGY,c,T_10 -> N38 -> T_9 -> N47 -> N46 -> T_7 -> N32 -> GYST -> N28 -> CYGY,3.88
晚高峰,T_9,CYGY,c,T_9 -> N47 -> N46 -> T_7 -> N32 -> GYST -> N28 -> CYGY,2.39
晚高峰,T_3,GYGY,c,T_3 -> N5 -> N6 -> T_2 -> N15 -> T_16 -> N16 -> N30 -> XYST -> N28 -> GYST -> N31 -> N33 -> N60 -> N61 -> GYGY,0.02
晚高峰,T_25,TYGY,c,T_25 -> N39 -> N41 -> T_8 -> N42 -> T_7 -> N32 -> GYST -> N28 -> XYST -> N12 -> N11 -> N10 -> N9 -> N8 -> N7 -> TYGY,10.25
晚高峰,T_8,GYGY,p,T_8 -> N42 -> T_7 -> N32 -> N31 -> N33 -> N60 -> N61 -> GYGY,0.84
晚高峰,T_7,GYGY,b,T_7 -> N32 -> N31 -> N33 -> N61 -> GYGY,4.95
晚高峰,T_25,CYGY,c,T_25 -> N39 -> N41 -> T_8 -> N42 -> T_7 -> N32 -> GYST -> N28 -> CYGY,0.85
晚高峰,T_8,GYGY,c,T_8 -> N42 -> T_7 -> N32 -> N31 -> N33 -> N60 -> N61 -> GYGY,1.2
晚高峰,T_7,GYGY,c,T_7 -> N32 -> N31 -> N33 -> N61 -> GYGY,1.65
晚高峰,T_25,XYGY,b,T_25 -> N39 -> N41 -> T_8 -> N42 -> T_7 -> N32 -> GYST -> N29 -> XYST -> N12 -> XYGY,46.99
晚高峰,T_25,TYGY,b,T_25 -> N39 -> N41 -> T_8 -> N49 -> T_7 -> N32 -> GYST -> N28 -> XYST -> N12 -> N11 -> N10 -> N9 -> N8 -> N7 -> TYGY,28.18
晚高峰,T_25,CYGY,p,T_25 -> N39 -> N41 -> T_8 -> N49 -> T_7 -> N32 -> GYST -> N28 -> CYGY,55.22
晚高峰,T_25,XYGY,p,T_25 -> N39 -> N41 -> T_8 -> N49 -> T_7 -> N32 -> GYST -> N29 -> XYST -> N12 -> XYGY,39.87
晚高峰,T_25,TYGY,p,T_25 -> N39 -> N41 -> T_8 -> N42 -> T_7 -> N32 -> GYST -> N28 -> XYST -> N12 -> N11 -> N10 -> N9 -> N8 -> N7 -> TYGY,8.97
晚高峰,T_8,CYGY,p,T_8 -> N49 -> T_7 -> N32 -> GYST -> N28 -> CYGY,6.8
晚高峰,T_7,GYGY,p,T_7 -> N32 -> N31 -> N33 -> N60 -> N61 -> GYGY,10.79
晚高峰,T_25,CYGY,b,T_25 -> N39 -> N41 -> T_8 -> N49 -> T_7 -> N32 -> GYST -> N28 -> CYGY,15.49
晚高峰,T_8,TYGY,p,T_8 -> N49 -> T_7 -> N32 -> GYST -> N29 -> XYST -> N12 -> N11 -> N10 -> N9 -> N8 -> N7 -> TYGY,7.96
晚高峰,T_8,GYGY,b,T_8 -> N49 -> T_7 -> N32 -> N31 -> N33 -> N60 -> N61 -> GYGY,6.59
晚高峰,T_25,XYGY,c,T_25 -> N39 -> N41 -> T_8 -> N49 -> T_7 -> N32 -> GYST -> N29 -> XYST -> N12 -> XYGY,15.19
晚高峰,T_8,GYGY,p,T_8 -> N49 -> T_7 -> N32 -> N31 -> N33 -> N60 -> N61 -> GYGY,5.87
晚高峰,T_8,CYGY,b,T_8 -> N49 -> T_7 -> N32 -> GYST -> N28 -> CYGY,11.34
晚高峰,T_25,CYGY,c,T_25 -> N39 -> N41 -> T_8 -> N49 -> T_7 -> N32 -> GYST -> N28 -> CYGY,3.38
晚高峰,T_8,GYGY,c,T_8 -> N49 -> T_7 -> N32 -> N31 -> N33 -> N60 -> N61 -> GYGY,0.96
晚高峰,T_8,CYGY,c,T_8 -> N49 -> T_7 -> N32 -> GYST -> N28 -> CYGY,1.62
晚高峰,T_4,CYGY,b,T_4 -> N14 -> T_2 -> N15 -> N11 -> N12 -> XYST -> N28 -> CYGY,1.28
晚高峰,T_4,GYGY,p,T_4 -> N14 -> T_2 -> N15 -> N11 -> N12 -> XYST -> N29 -> GYST -> N31 -> N33 -> N60 -> N61 -> GYGY,0.4
晚高峰,T_3,GYGY,p,T_3 -> N5 -> N6 -> T_2 -> N15 -> N11 -> N12 -> XYST -> N29 -> GYST -> N31 -> N33 -> N60 -> N61 -> GYGY,0.36
晚高峰,T_3,CYGY,b,T_3 -> N5 -> N6 -> T_2 -> N15 -> N11 -> N12 -> XYST -> N28 -> CYGY,1.1
晚高峰,T_2,GYGY,c,T_2 -> N15 -> N11 -> N12 -> XYST -> N29 -> GYST -> N31 -> N33 -> N60 -> N61 -> GYGY,0.42
晚高峰,T_2,CYGY,c,T_2 -> N15 -> N11 -> N12 -> XYST -> N28 -> CYGY,0.71
晚高峰,T_4,GYGY,c,T_4 -> N14 -> T_2 -> N15 -> N11 -> N12 -> XYST -> N28 -> GYST -> N31 -> N33 -> N60 -> N61 -> GYGY,0.09
晚高峰,T_3,GYGY,c,T_3 -> N5 -> N6 -> T_2 -> N15 -> N11 -> N12 -> XYST -> N29 -> GYST -> N31 -> N33 -> N61 -> GYGY,0.21
晚高峰,T_4,CYGY,c,T_4 -> N14 -> T_2 -> N15 -> N11 -> N12 -> XYST -> N28 -> CYGY,0.26
晚高峰,T_3,CYGY,c,T_3 -> N5 -> N6 -> T_2 -> N15 -> N11 -> N12 -> XYST -> N28 -> CYGY,0.22
晚高峰,T_25,TYGY,p,T_25 -> N39 -> N41 -> T_8 -> N49 -> T_7 -> N32 -> GYST -> N28 -> XYST -> N12 -> N11 -> N10 -> N9 -> N8 -> N7 -> TYGY,11.96
晚高峰,T_25,GYGY,b,T_25 -> N38 -> T_9 -> N47 -> N46 -> N33 -> N60 -> N61 -> GYGY,11.0
晚高峰,T_25,GYGY,p,T_25 -> N38 -> T_9 -> N47 -> N46 -> N33 -> N61 -> GYGY,7.0
晚高峰,T_7,GYGY,p,T_7 -> N32 -> N31 -> N33 -> N61 -> GYGY,13.87
晚高峰,T_8,GYGY,b,T_8 -> N49 -> T_7 -> N32 -> N31 -> N33 -> N61 -> GYGY,7.91
晚高峰,T_8,GYGY,p,T_8 -> N49 -> T_7 -> N32 -> N31 -> N33 -> N61 -> GYGY,7.55
晚高峰,T_1,CYGY,b,T_1 -> N25 -> N26 -> N27 -> T_2 -> N15 -> N11 -> N12 -> XYST -> N28 -> CYGY,3.88
晚高峰,T_2,CYGY,p,T_2 -> N15 -> N11 -> N12 -> XYST -> N28 -> CYGY,9.33
晚高峰,T_1,CYGY,p,T_1 -> N25 -> N26 -> N27 -> T_2 -> N15 -> N11 -> N12 -> XYST -> N28 -> CYGY,2.47
晚高峰,T_2,GYGY,b,T_2 -> N15 -> N11 -> N12 -> XYST -> N29 -> GYST -> N31 -> N33 -> N61 -> GYGY,1.15
晚高峰,T_8,XYGY,c,T_8 -> N49 -> T_7 -> N32 -> GYST -> N29 -> XYST -> N12 -> XYGY,2.45
晚高峰,T_4,CYGY,p,T_4 -> N14 -> T_2 -> N15 -> N11 -> N12 -> XYST -> N28 -> CYGY,3.36
晚高峰,T_2,CYGY,b,T_2 -> N15 -> N11 -> N12 -> XYST -> N28 -> CYGY,3.33
晚高峰,T_3,CYGY,p,T_3 -> N5 -> N6 -> T_2 -> N15 -> N11 -> N12 -> XYST -> N28 -> CYGY,2.89
晚高峰,T_2,GYGY,p,T_2 -> N15 -> N11 -> N12 -> XYST -> N29 -> GYST -> N31 -> N33 -> N61 -> GYGY,1.29
晚高峰,T_4,GYGY,b,T_4 -> N14 -> T_2 -> N15 -> N11 -> N12 -> XYST -> N28 -> GYST -> N31 -> N33 -> N60 -> N61 -> GYGY,0.87
晚高峰,T_1,CYGY,c,T_1 -> N25 -> N26 -> N27 -> T_2 -> N15 -> N11 -> N12 -> XYST -> N28 -> CYGY,0.59
晚高峰,T_3,GYGY,b,T_3 -> N5 -> N6 -> T_2 -> N15 -> N11 -> N12 -> XYST -> N29 -> GYST -> N31 -> N33 -> N61 -> GYGY,0.11
晚高峰,T_7,GYGY,c,T_7 -> N32 -> N31 -> N33 -> N60 -> N61 -> GYGY,0.22
晚高峰,T_4,GYGY,p,T_4 -> N14 -> T_2 -> N15 -> N11 -> N12 -> XYST -> N28 -> GYST -> N31 -> N33 -> N61 -> GYGY,0.4
晚高峰,T_3,GYGY,p,T_3 -> N5 -> N6 -> T_2 -> N15 -> N11 -> N12 -> XYST -> N28 -> GYST -> N31 -> N33 -> N61 -> GYGY,0.44
晚高峰,T_2,GYGY,c,T_2 -> N15 -> N11 -> N12 -> XYST -> N28 -> GYST -> N31 -> N33 -> N61 -> GYGY,0.21
晚高峰,T_4,GYGY,c,T_4 -> N14 -> T_2 -> N15 -> N11 -> N12 -> XYST -> N29 -> GYST -> N31 -> N33 -> N61 -> GYGY,0.11
晚高峰,T_3,GYGY,c,T_3 -> N5 -> N6 -> T_2 -> N15 -> N11 -> N12 -> XYST -> N29 -> GYST -> N31 -> N33 -> N60 -> N61 -> GYGY,0.08
晚高峰,T_8,XYGY,p,T_8 -> N49 -> T_7 -> N32 -> GYST -> N28 -> XYST -> N12 -> XYGY,13.74
晚高峰,T_25,XYGY,p,T_25 -> N39 -> N41 -> T_8 -> N42 -> T_7 -> N32 -> GYST -> N29 -> XYST -> N12 -> XYGY,13.29
晚高峰,T_25,TYGY,p,T_25 -> N39 -> N41 -> T_8 -> N49 -> T_7 -> N32 -> GYST -> N28 -> XYST -> N30 -> N16 -> T_16 -> N15 -> T_2 -> N14 -> T_4 -> N4 -> TYGY,8.97
晚高峰,T_8,TYGY,b,T_8 -> N49 -> T_7 -> N32 -> GYST -> N29 -> XYST -> N12 -> N11 -> N10 -> N9 -> N8 -> N7 -> TYGY,8.33
晚高峰,T_25,CYGY,b,T_25 -> N39 -> N41 -> T_8 -> N42 -> T_7 -> N32 -> GYST -> N28 -> CYGY,7.04
晚高峰,T_3,GYGY,b,T_3 -> N5 -> N6 -> T_2 -> N15 -> N11 -> N12 -> XYST -> N29 -> GYST -> N31 -> N33 -> N60 -> N61 -> GYGY,0.57
晚高峰,T_4,GYGY,p,T_4 -> N14 -> T_2 -> N15 -> N11 -> N12 -> XYST -> N29 -> GYST -> N31 -> N33 -> N61 -> GYGY,0.08
晚高峰,T_2,GYGY,c,T_2 -> N15 -> N11 -> N12 -> XYST -> N29 -> GYST -> N31 -> N33 -> N61 -> GYGY,0.1
晚高峰,T_3,GYGY,c,T_3 -> N5 -> N6 -> T_2 -> N15 -> N11 -> N12 -> XYST -> N28 -> GYST -> N31 -> N33 -> N60 -> N61 -> GYGY,0.02
晚高峰,T_25,TYGY,b,T_25 -> N39 -> N41 -> T_8 -> N49 -> T_7 -> N32 -> GYST -> N28 -> XYST -> N30 -> N16 -> T_16 -> N15 -> T_2 -> N14 -> T_4 -> N4 -> TYGY,4.7
晚高峰,T_10,TYGY,p,T_10 -> N38 -> T_9 -> N47 -> N46 -> T_7 -> N32 -> GYST -> N28 -> XYST -> N12 -> N11 -> N10 -> N9 -> N8 -> N7 -> TYGY,4.81
晚高峰,T_8,XYGY,b,T_8 -> N42 -> T_7 -> N32 -> GYST -> N29 -> XYST -> N12 -> XYGY,4.91
晚高峰,T_7,TYGY,p,T_7 -> N32 -> GYST -> N28 -> XYST -> N12 -> N11 -> N10 -> N9 -> N8 -> N7 -> TYGY,4.41
晚高峰,T_10,XYGY,c,T_10 -> N38 -> T_9 -> N47 -> N46 -> T_7 -> N32 -> GYST -> N28 -> XYST -> N12 -> XYGY,2.31
晚高峰,T_10,TYGY,c,T_10 -> N38 -> T_9 -> N47 -> N46 -> T_7 -> N32 -> GYST -> N29 -> XYST -> N12 -> N11 -> N10 -> N9 -> N8 -> N7 -> TYGY,0.92
晚高峰,T_9,TYGY,c,T_9 -> N47 -> N46 -> T_7 -> N32 -> GYST -> N28 -> XYST -> N12 -> N11 -> N10 -> N9 -> N8 -> N7 -> TYGY,2.14
晚高峰,T_8,TYGY,c,T_8 -> N42 -> T_7 -> N32 -> GYST -> N29 -> XYST -> N12 -> N11 -> N10 -> N9 -> N8 -> N7 -> TYGY,0.76
晚高峰,T_7,TYGY,c,T_7 -> N32 -> GYST -> N28 -> XYST -> N12 -> N11 -> N10 -> N9 -> N8 -> N7 -> TYGY,1.26
晚高峰,T_5,XYGY,c,T_5 -> N16 -> T_16 -> N15 -> N11 -> N12 -> XYGY,2.99
晚高峰,T_4,GYGY,p,T_4 -> N14 -> T_2 -> N15 -> N11 -> N12 -> XYST -> N28 -> GYST -> N31 -> N33 -> N60 -> N61 -> GYGY,0.4
晚高峰,T_3,GYGY,p,T_3 -> N5 -> N6 -> T_2 -> N15 -> N11 -> N12 -> XYST -> N28 -> GYST -> N31 -> N33 -> N60 -> N61 -> GYGY,0.36
晚高峰,T_5,XYGY,p,T_5 -> N16 -> T_16 -> N15 -> N11 -> N12 -> XYGY,38.62
晚高峰,T_10,TYGY,b,T_10 -> N38 -> T_9 -> N47 -> N46 -> T_7 -> N32 -> GYST -> N29 -> XYST -> N30 -> N16 -> T_16 -> N15 -> T_2 -> N14 -> T_4 -> N4 -> TYGY,15.11
晚高峰,T_5,XYGY,b,T_5 -> N16 -> T_16 -> N15 -> N11 -> N12 -> XYGY,13.79
晚高峰,T_7,GYGY,b,T_7 -> N32 -> N31 -> N33 -> N60 -> N61 -> GYGY,4.4
晚高峰,T_25,GYGY,c,T_25 -> N38 -> T_9 -> N47 -> N46 -> N33 -> N61 -> GYGY,1.5
晚高峰,T_1,GYGY,b,T_1 -> N18 -> N45 -> T_6 -> N44 -> N29 -> GYST -> N31 -> N33 -> N60 -> N61 -> GYGY,3.95
晚高峰,T_9,TYGY,c,T_9 -> N47 -> N46 -> T_7 -> N32 -> GYST -> N29 -> XYST -> N30 -> N16 -> T_16 -> N15 -> T_2 -> N14 -> T_4 -> N4 -> TYGY,0.43
晚高峰,T_1,GYGY,p,T_1 -> N18 -> N45 -> T_6 -> N44 -> N29 -> GYST -> N31 -> N33 -> N60 -> N61 -> GYGY,2.52
晚高峰,T_2,GYGY,b,T_2 -> N15 -> N11 -> N12 -> XYST -> N29 -> GYST -> N31 -> N33 -> N60 -> N61 -> GYGY,0.58
晚高峰,T_8,GYGY,c,T_8 -> N42 -> T_7 -> N32 -> N31 -> N33 -> N61 -> GYGY,1.2
晚高峰,T_2,GYGY,p,T_2 -> N15 -> N11 -> N12 -> XYST -> N29 -> GYST -> N31 -> N33 -> N60 -> N61 -> GYGY,1.47
晚高峰,T_4,GYGY,b,T_4 -> N14 -> T_2 -> N15 -> N11 -> N12 -> XYST -> N28 -> GYST -> N31 -> N33 -> N61 -> GYGY,0.99
晚高峰,T_25,XYGY,b,T_25 -> N39 -> N41 -> T_8 -> N49 -> T_7 -> N32 -> GYST -> N29 -> XYST -> N12 -> XYGY,36.55
晚高峰,T_25,TYGY,b,T_25 -> N39 -> N41 -> T_8 -> N42 -> T_7 -> N32 -> GYST -> N28 -> XYST -> N12 -> N11 -> N10 -> N9 -> N8 -> N7 -> TYGY,23.49
晚高峰,T_25,TYGY,p,T_25 -> N39 -> N41 -> T_8 -> N42 -> T_7 -> N32 -> GYST -> N28 -> XYST -> N30 -> N16 -> T_16 -> N15 -> T_2 -> N14 -> T_4 -> N4 -> TYGY,14.95
晚高峰,T_9,TYGY,b,T_9 -> N47 -> N46 -> T_7 -> N32 -> GYST -> N28 -> XYST -> N30 -> N16 -> T_16 -> N15 -> T_2 -> N14 -> T_4 -> N4 -> TYGY,4.7
晚高峰,T_10,TYGY,c,T_10 -> N38 -> T_9 -> N47 -> N46 -> T_7 -> N32 -> GYST -> N28 -> XYST -> N30 -> N16 -> T_16 -> N15 -> T_2 -> N14 -> T_4 -> N4 -> TYGY,1.37
晚高峰,T_4,GYGY,c,T_4 -> N14 -> T_2 -> N15 -> N11 -> N12 -> XYST -> N29 -> GYST -> N31 -> N33 -> N60 -> N61 -> GYGY,0.16
晚高峰,T_3,GYGY,c,T_3 -> N5 -> N6 -> T_2 -> N15 -> N11 -> N12 -> XYST -> N28 -> GYST -> N31 -> N33 -> N61 -> GYGY,0.02
晚高峰,T_7,TYGY,p,T_7 -> N32 -> GYST -> N28 -> XYST -> N30 -> N16 -> T_16 -> N15 -> T_2 -> N14 -> T_4 -> N4 -> TYGY,2.21
晚高峰,T_10,TYGY,c,T_10 -> N38 -> T_9 -> N47 -> N46 -> T_7 -> N32 -> GYST -> N29 -> XYST -> N30 -> N16 -> T_16 -> N15 -> T_2 -> N14 -> T_4 -> N4 -> TYGY,0.92
晚高峰,T_1,CYGY,c,T_1 -> N18 -> N45 -> T_6 -> N44 -> N28 -> CYGY,1.18
晚高峰,T_3,GYGY,b,T_3 -> N5 -> N6 -> T_2 -> N15 -> N11 -> N12 -> XYST -> N28 -> GYST -> N31 -> N33 -> N60 -> N61 -> GYGY,0.92
晚高峰,T_1,CYGY,b,T_1 -> N18 -> N45 -> T_6 -> N44 -> N28 -> CYGY,5.82
晚高峰,T_1,CYGY,p,T_1 -> N18 -> N45 -> T_6 -> N44 -> N28 -> CYGY,3.7
晚高峰,T_2,GYGY,b,T_2 -> N15 -> N11 -> N12 -> XYST -> N28 -> GYST -> N31 -> N33 -> N60 -> N61 -> GYGY,1.73
晚高峰,T_25,GYGY,b,T_25 -> N39 -> N41 -> T_8 -> N49 -> T_7 -> N32 -> N31 -> N33 -> N61 -> GYGY,8.25
晚高峰,T_25,GYGY,p,T_25 -> N39 -> N41 -> T_8 -> N49 -> T_7 -> N32 -> N31 -> N33 -> N60 -> N61 -> GYGY,3.5
晚高峰,T_10,TYGY,p,T_10 -> N38 -> T_9 -> N47 -> N46 -> T_7 -> N32 -> GYST -> N29 -> XYST -> N30 -> N16 -> T_16 -> N15 -> T_2 -> N14 -> T_4 -> N4 -> TYGY,1.6
晚高峰,T_8,GYGY,b,T_8 -> N42 -> T_7 -> N32 -> N31 -> N33 -> N60 -> N61 -> GYGY,2.64
晚高峰,T_8,XYGY,b,T_8 -> N49 -> T_7 -> N32 -> GYST -> N28 -> XYST -> N12 -> XYGY,3.68
晚高峰,T_25,GYGY,c,T_25 -> N39 -> N41 -> T_8 -> N49 -> T_7 -> N32 -> N31 -> N33 -> N60 -> N61 -> GYGY,1.0
晚高峰,T_5,GYGY,p,T_5 -> N16 -> N30 -> XYST -> N28 -> GYST -> N31 -> N33 -> N61 -> GYGY,1.05
晚高峰,T_2,GYGY,b,T_2 -> N15 -> N11 -> N12 -> XYST -> N28 -> GYST -> N31 -> N33 -> N61 -> GYGY,0.87
晚高峰,T_25,GYGY,b,T_25 -> N39 -> N41 -> T_8 -> N49 -> T_7 -> N32 -> N31 -> N33 -> N60 -> N61 -> GYGY,8.25
晚高峰,T_25,GYGY,p,T_25 -> N39 -> N41 -> T_8 -> N49 -> T_7 -> N32 -> N31 -> N33 -> N61 -> GYGY,3.5
晚高峰,T_10,TYGY,p,T_10 -> N38 -> T_9 -> N47 -> N46 -> T_7 -> N32 -> GYST -> N28 -> XYST -> N30 -> N16 -> T_16 -> N15 -> T_2 -> N14 -> T_4 -> N4 -> TYGY,3.21
晚高峰,T_9,TYGY,p,T_9 -> N47 -> N46 -> T_7 -> N32 -> GYST -> N28 -> XYST -> N30 -> N16 -> T_16 -> N15 -> T_2 -> N14 -> T_4 -> N4 -> TYGY,5.98
晚高峰,T_25,TYGY,c,T_25 -> N39 -> N41 -> T_8 -> N42 -> T_7 -> N32 -> GYST -> N28 -> XYST -> N30 -> N16 -> T_16 -> N15 -> T_2 -> N14 -> T_4 -> N4 -> TYGY,4.27
晚高峰,T_25,GYGY,c,T_25 -> N39 -> N41 -> T_8 -> N42 -> T_7 -> N32 -> N31 -> N33 -> N61 -> GYGY,2.5
晚高峰,T_8,TYGY,c,T_8 -> N49 -> T_7 -> N32 -> GYST -> N29 -> XYST -> N12 -> N11 -> N10 -> N9 -> N8 -> N7 -> TYGY,1.14
晚高峰,T_5,GYGY,p,T_5 -> N16 -> N30 -> XYST -> N28 -> GYST -> N31 -> N33 -> N60 -> N61 -> GYGY,1.05
晚高峰,T_8,GYGY,c,T_8 -> N49 -> T_7 -> N32 -> N31 -> N33 -> N61 -> GYGY,0.72
晚高峰,T_25,GYGY,b,T_25 -> N39 -> N40 -> T_8 -> N49 -> T_7 -> N32 -> N31 -> N33 -> N60 -> N61 -> GYGY,2.75
晚高峰,T_1,XYGY,b,T_1 -> N24 -> N27 -> T_2 -> N15 -> N11 -> N12 -> XYGY,9.05
晚高峰,T_6,TYGY,p,T_6 -> N45 -> N18 -> T_1 -> N24 -> N27 -> T_2 -> N14 -> T_4 -> N4 -> TYGY,8.2
晚高峰,T_16,GYGY,b,T_16 -> N15 -> N11 -> N12 -> XYST -> N29 -> GYST -> N31 -> N33 -> N60 -> N61 -> GYGY,5.35
晚高峰,T_8,GYGY,b,T_8 -> N42 -> T_7 -> N32 -> N31 -> N33 -> N61 -> GYGY,3.96
晚高峰,T_16,CYGY,b,T_16 -> N15 -> N11 -> N12 -> XYST -> N28 -> CYGY,7.62
晚高峰,T_1,XYGY,p,T_1 -> N24 -> N27 -> T_2 -> N15 -> N11 -> N12 -> XYGY,5.76
晚高峰,T_1,TYGY,c,T_1 -> N24 -> N27 -> T_2 -> N14 -> T_4 -> N4 -> TYGY,2.86
晚高峰,T_6,TYGY,c,T_6 -> N45 -> N18 -> T_1 -> N24 -> N27 -> T_2 -> N14 -> T_4 -> N4 -> TYGY,2.34
晚高峰,T_8,TYGY,c,T_8 -> N49 -> T_7 -> N32 -> GYST -> N28 -> XYST -> N12 -> N11 -> N10 -> N9 -> N8 -> N7 -> TYGY,1.14
晚高峰,T_1,XYGY,c,T_1 -> N24 -> N27 -> T_2 -> N15 -> N11 -> N12 -> XYGY,1.65
晚高峰,T_16,CYGY,c,T_16 -> N15 -> N11 -> N12 -> XYST -> N28 -> CYGY,1.52
晚高峰,T_16,GYGY,c,T_16 -> N15 -> N11 -> N12 -> XYST -> N29 -> GYST -> N31 -> N33 -> N60 -> N61 -> GYGY,0.97
晚高峰,T_1,TYGY,p,T_1 -> N24 -> N27 -> T_2 -> N14 -> T_4 -> N4 -> TYGY,33.31
晚高峰,T_25,TYGY,b,T_25 -> N39 -> N41 -> T_8 -> N42 -> T_7 -> N32 -> GYST -> N28 -> XYST -> N30 -> N16 -> T_16 -> N15 -> T_2 -> N14 -> T_4 -> N4 -> TYGY,9.39
晚高峰,T_16,CYGY,p,T_16 -> N15 -> N11 -> N12 -> XYST -> N28 -> CYGY,17.79
晚高峰,T_1,TYGY,b,T_1 -> N24 -> N27 -> T_2 -> N14 -> T_4 -> N4 -> TYGY,11.9
晚高峰,T_6,TYGY,b,T_6 -> N45 -> N18 -> T_1 -> N24 -> N27 -> T_2 -> N14 -> T_4 -> N4 -> TYGY,10.74
晚高峰,T_16,GYGY,b,T_16 -> N15 -> N11 -> N12 -> XYST -> N29 -> GYST -> N31 -> N33 -> N61 -> GYGY,2.67
晚高峰,T_8,XYGY,b,T_8 -> N49 -> T_7 -> N32 -> GYST -> N29 -> XYST -> N12 -> XYGY,2.45
晚高峰,T_16,GYGY,p,T_16 -> N15 -> N11 -> N12 -> XYST -> N29 -> GYST -> N31 -> N33 -> N61 -> GYGY,1.7
晚高峰,T_8,TYGY,c,T_8 -> N42 -> T_7 -> N32 -> GYST -> N29 -> XYST -> N30 -> N16 -> T_16 -> N15 -> T_2 -> N14 -> T_4 -> N4 -> TYGY,0.38
晚高峰,T_16,GYGY,c,T_16 -> N15 -> N11 -> N12 -> XYST -> N29 -> GYST -> N31 -> N33 -> N61 -> GYGY,0.49
晚高峰,T_3,GYGY,b,T_3 -> N5 -> N6 -> T_2 -> N15 -> N11 -> N12 -> XYST -> N28 -> GYST -> N31 -> N33 -> N61 -> GYGY,0.11
晚高峰,T_25,GYGY,p,T_25 -> N48 -> N49 -> T_7 -> N32 -> N31 -> N33 -> N60 -> N61 -> GYGY,1.75
晚高峰,T_25,GYGY,c,T_25 -> N39 -> N41 -> T_8 -> N42 -> T_7 -> N32 -> N31 -> N33 -> N60 -> N61 -> GYGY,0.5
晚高峰,T_25,CYGY,p,T_25 -> N39 -> N40 -> T_8 -> N49 -> T_7 -> N32 -> GYST -> N28 -> CYGY,3.94
晚高峰,T_25,GYGY,p,T_25 -> N48 -> N49 -> T_7 -> N32 -> N31 -> N33 -> N61 -> GYGY,1.75
晚高峰,T_16,GYGY,p,T_16 -> N15 -> N11 -> N12 -> XYST -> N29 -> GYST -> N31 -> N33 -> N60 -> N61 -> GYGY,2.55
晚高峰,T_10,XYGY,c,T_10 -> N38 -> T_25 -> N48 -> N49 -> T_7 -> N32 -> GYST -> N28 -> XYST -> N12 -> XYGY,0.46
晚高峰,T_10,TYGY,c,T_10 -> N38 -> T_25 -> N39 -> N41 -> T_8 -> N42 -> T_7 -> N32 -> GYST -> N29 -> XYST -> N30 -> N16 -> T_16 -> N15 -> T_2 -> N14 -> T_4 -> N4 -> TYGY,0.46
晚高峰,T_9,TYGY,c,T_9 -> N47 -> N46 -> T_7 -> N32 -> GYST -> N28 -> XYST -> N30 -> N16 -> T_16 -> N15 -> T_2 -> N14 -> T_4 -> N4 -> TYGY,0.43
晚高峰,T_10,CYGY,c,T_10 -> N38 -> T_25 -> N39 -> N41 -> T_8 -> N42 -> T_7 -> N32 -> GYST -> N28 -> CYGY,0.26
晚高峰,T_2,GYGY,c,T_2 -> N15 -> N11 -> N12 -> XYST -> N28 -> GYST -> N31 -> N33 -> N60 -> N61 -> GYGY,0.1
晚高峰,T_25,TYGY,b,T_25 -> N39 -> N40 -> T_8 -> N49 -> T_7 -> N32 -> GYST -> N28 -> XYST -> N30 -> N16 -> T_16 -> N15 -> T_2 -> N14 -> T_4 -> N4 -> TYGY,4.7
晚高峰,T_25,GYGY,b,T_25 -> N39 -> N41 -> T_8 -> N42 -> T_7 -> N32 -> N31 -> N33 -> N60 -> N61 -> GYGY,2.75
晚高峰,T_10,TYGY,b,T_10 -> N38 -> T_25 -> N39 -> N41 -> T_8 -> N49 -> T_7 -> N32 -> GYST -> N29 -> XYST -> N12 -> N11 -> N10 -> N9 -> N8 -> N7 -> TYGY,2.52
晚高峰,T_25,GYGY,p,T_25 -> N39 -> N41 -> T_8 -> N42 -> T_7 -> N32 -> N31 -> N33 -> N61 -> GYGY,3.5
晚高峰,T_10,XYGY,p,T_10 -> N38 -> T_25 -> N39 -> N41 -> T_8 -> N42 -> T_7 -> N32 -> GYST -> N29 -> XYST -> N12 -> XYGY,3.23
晚高峰,T_10,TYGY,p,T_10 -> N38 -> T_25 -> N39 -> N41 -> T_8 -> N42 -> T_7 -> N32 -> GYST -> N29 -> XYST -> N12 -> N11 -> N10 -> N9 -> N8 -> N7 -> TYGY,1.6
晚高峰,T_10,CYGY,b,T_10 -> N38 -> T_25 -> N39 -> N41 -> T_8 -> N49 -> T_7 -> N32 -> GYST -> N28 -> CYGY,2.85
晚高峰,T_10,CYGY,p,T_10 -> N38 -> T_25 -> N39 -> N41 -> T_8 -> N42 -> T_7 -> N32 -> GYST -> N28 -> CYGY,1.81
晚高峰,T_10,XYGY,c,T_10 -> N38 -> T_25 -> N39 -> N41 -> T_8 -> N49 -> T_7 -> N32 -> GYST -> N29 -> XYST -> N12 -> XYGY,0.46
晚高峰,T_10,TYGY,c,T_10 -> N38 -> T_25 -> N39 -> N41 -> T_8 -> N42 -> T_7 -> N32 -> GYST -> N28 -> XYST -> N12 -> N11 -> N10 -> N9 -> N8 -> N7 -> TYGY,0.46
晚高峰,T_10,CYGY,c,T_10 -> N38 -> T_25 -> N39 -> N41 -> T_8 -> N49 -> T_7 -> N32 -> GYST -> N28 -> CYGY,0.52
晚高峰,T_10,TYGY,b,T_10 -> N38 -> T_25 -> N39 -> N41 -> T_8 -> N42 -> T_7 -> N32 -> GYST -> N29 -> XYST -> N30 -> N16 -> T_16 -> N15 -> T_2 -> N14 -> T_4 -> N4 -> TYGY,2.52
晚高峰,T_8,TYGY,b,T_8 -> N49 -> T_7 -> N32 -> GYST -> N29 -> XYST -> N30 -> N16 -> T_16 -> N15 -> T_2 -> N14 -> T_4 -> N4 -> TYGY,2.08
晚高峰,T_10,TYGY,p,T_10 -> N38 -> T_25 -> N39 -> N41 -> T_8 -> N42 -> T_7 -> N32 -> GYST -> N28 -> XYST -> N30 -> N16 -> T_16 -> N15 -> T_2 -> N14 -> T_4 -> N4 -> TYGY,1.6
晚高峰,T_8,TYGY,p,T_8 -> N49 -> T_7 -> N32 -> GYST -> N29 -> XYST -> N30 -> N16 -> T_16 -> N15 -> T_2 -> N14 -> T_4 -> N4 -> TYGY,1.33
晚高峰,T_10,TYGY,c,T_10 -> N38 -> T_25 -> N39 -> N41 -> T_8 -> N49 -> T_7 -> N32 -> GYST -> N29 -> XYST -> N12 -> N11 -> N10 -> N9 -> N8 -> N7 -> TYGY,0.46
